Q9UTD6	Q57XV5	0
O14522	P62993	1
Q5ZEG0	B2HTG5	0
P03372	Q9Y2R5	1
P94412	P96669	1
Q4L7C3	Q55053	0
C1AN55	Q8HYN1	0
Q8H038	Q11GS0	0
Q03566	A5E4V6	0
Q9NZ08	A6QLC7	0
Q9KNG8	B0VKT1	0
Q9UHP7	Q86UT6	1
P13569	Q12906	1
Q32NY4	A1B495	0
Q8IXI2	B7K0U6	0
P18239	P06169	1
P34859	B4TQM9	0
P17302	P06428	1
Q96H96	P06753	1
Q9NW97	O00308	1
Q9UH99	Q07157	1
P19357	P07633	1
P23242	Q9JHD1	1
Q6WB95	Q6IQX8	0
B8AJ09	A0A125S9M6	0
B7HFK6	Q89AF8	0
Q2Y8T1	B5XTL8	0
Q58DD4	Q41769	0
H6WS94	A4QFN1	0
Q4WQG9	Q6CUI5	0
Q8N6K0	O14656	1
P03372	Q8NDF8	1
Q9PHT7	Q9PIK3	1
Q1GDE9	A1RJ74	0
Q3YY21	Q54TC2	0
Q31VK9	Q5SM03	0
Q8DAD7	O14296	0
Q14114	Q15532	1
Q9UKF2	O95450	1
Q9HD23	P05412	1
Q8NEC5	P14373	1
P16151	P43603	1
P32970	P36507	1
Q17WP6	Q9Y6Q1	0
P03924	A9BEK6	0
Q01097	Q9WV34	1
P30556	O15069	1
Q2J9U7	Q5A6T8	0
P13073	Q12888	1
Q2VEE9	Q31YD8	0
P12160	Q5R9Q5	0
Q9EQC1	P47915	1
Q1RGU3	P0CG79	0
A7ZT30	C0HL67	0
Q08777	Q7ZY13	0
P08195	P0CK49	1
Q58CV5	Q6GLE7	0
P07722	P19332	1
A1JTG3	Q60972	0
B1VKH7	J3SE80	0
P41595	P54368	1
B7USJ7	Q7M2U7	0
Q03529	P46654	1
P0A6A0	P77218	1
Q03155	Q54ZY3	0
Q5DRB4	Q31YE2	0
P33614	B8DE53	0
Q9LSW9	Q9SU67	1
Q2KIG8	Q6DPE7	0
P9WLI0	O77014	0
Q38S38	A1KJU9	0
P28687	Q8IPH9	0
Q923J1	Q9C086	1
Q9AAV1	Q0KD59	0
Q9M2V7	A2X635	0
Q35130	B7HL09	0
P81425	Q72KS4	0
P28081	Q8DZM7	0
P14406	P0C7P0	1
F4IJ08	P20192	0
Q5HHV4	D0NP70	0
P12235	Q13296	1
C8ZIT1	Q04KI9	0
O28169	C1FN42	0
P00533	P26232	1
P53308	P40043	1
Q93Z92	C0R5B1	0
P22607	Q6IN84	1
Q8WXH2	P06241	1
P54371	P35869	0
Q55717	I6YC53	0
Q6NTF9	P17612	1
Q9Y5M8	A2A935	1
P14222	Q9GZR7	1
P10721	O14543	1
Q1RHA1	Q3SRG6	0
Q9UKR5	P07737	1
Q12185	Q9SIF5	0
P0AFT2	P0A9H5	1
P76339	P0AED9	1
B7JK33	Q5WFM2	0
P54744	B0UU57	0
Q08345	P21399	1
B0BQV7	M1BJF6	0
A6TU75	Q9PAN0	0
A3MIB1	P47698	0
Q8N423	Q86XS5	1
Q9P0N5	Q13371	1
Q99PL5	Q96T88	1
O95832	Q8NI35	1
P03372	Q99661	1
P33302	P29496	1
Q8FIB8	Q9C6C8	0
B0UHJ2	Q94901	0
B2VCE6	A2BXK1	0
Q1C4D5	B3ES20	0
Q8N4A0	Q9BRR6	1
P28584	P32776	1
F1SY70	P19854	0
Q9VS77	B9KFX0	0
P13569	Q9UJW0	1
Q9WUB7	P05891	0
P32015	P03585	0
P12205	Q9WU70	0
Q8GWT5	O04326	1
Q7NYJ8	P06538	0
Q9SID2	P57752	1
P16615	P62753	1
Q9LRP1	P57752	1
Q6UW56	Q6MDR5	0
O43291	Q15058	1
O43556	Q6BV58	0
B1A0U6	B8HWM0	0
Q06001	Q96AZ1	0
Q9CR62	P22830	1
B4TTD0	P63988	0
Q54FB6	Q318V4	0
P38179	P08518	1
P79194	Q9HB65	0
Q9JXM0	Q30KP9	0
C0MH74	Q4J8I9	0
P04821	P08018	1
P40452	P11484	1
P41181	P24593	1
Q46927	Q46925	1
Q3Z0K3	Q809X2	0
G5EFE7	Q19980	1
Q5HR80	P58768	0
Q8CB44	C3MZM4	0
B0UXR0	A1AN64	0
Q8K4C2	Q7TNI7	1
Q09710	Q03IS8	0
P01730	Q96ER3	1
P03372	Q07666	1
Q6H5U3	Q8DAG8	0
Q1LT98	Q8Y9Z8	0
Q80W04	F4I7L1	0
Q8N6S5	Q13951	1
B6EGH4	Q2K8X8	0
O14735	Q13415	1
Q9SZ11	Q2J725	0
Q01VL4	A5IJQ2	0
O00264	P03246	1
Q2YUD1	Q2KMM2	0
Q9H1C4	Q9Y4R8	1
P61415	O81098	0
Q63149	Q12WC7	0
P13607	O62619	1
B5BIG3	O56045	0
Q11206	Q86UD1	1
P51798	P51148	1
Q7TYX4	P0DTX3	0
P38631	Q09803	0
P36039	Q12025	1
Q0I1V9	Q3SZW1	0
Q9UNQ0	Q6PB44	1
P03372	P82673	1
P36046	P40069	1
Q0JR55	P0A3F0	0
P55397	A1SZ19	0
P51193	Q55803	0
Q96J84	P0CK56	1
P36107	P32589	0
O75829	Q7VQI2	0
Q0VQ74	Q7NHM8	0
P57648	A5UEV3	0
P27312	Q1BXT4	0
Q96I36	P46459	1
Q80X72	Q9D415	1
A6T7V8	Q850K7	0
Q9Y5F2	Q5M775	1
Q7UWS1	Q4A0G5	0
A9M8H1	Q5REE6	0
B2VGJ1	A6SEH9	0
Q54710	A8F257	0
P19320	O75489	1
P36027	P40513	1
P01889	Q9NR28	1
P55012	Q82VS3	0
O75063	P07585	1
Q15125	O75030	1
Q03691	P32589	1
Q9ULL4	Q9Y2F9	1
Q9C9K4	V9QF69	0
Q14108	P12268	1
Q5IS84	Q99UW5	0
Q38ZZ5	B1LQZ6	0
P00533	O15511	1
A8M393	O48604	0
P05374	P38788	1
Q6ENU7	Q9HKX0	0
O76329	Q54TH8	1
Q8R493	A6H5P3	0
Q3E8L0	Q973C8	0
Q1GDE9	B2URG7	0
Q2W8P6	B6I3L8	0
Q9LHZ7	Q3UX62	0
Q07798	P15442	1
P56393	B2FMY6	0
Q12436	A6QGI4	0
A8FW97	A0K9X0	0
Q6YXR4	Q8BR65	0
Q14849	Q9BRK5	1
C1ITJ8	A3CQ53	0
Q9H9B4	P20042	1
O14237	A1JJ89	0
Q5IJ48	B7M589	0
A3QEN4	P0DPB0	0
Q08345	P80723	1
Q9T3H9	Q6G0S9	0
P38721	Q05541	1
Q03860	P38815	1
Q61767	Q9JHI5	1
Q4JQV7	Q4JQU7	1
Q8NFN8	Q01433	1
Q7UH36	Q8Z4I5	0
Q57EX8	B5FL30	0
P18239	P53919	1
Q55D54	Q8EH99	0
Q6R7G8	C5BL79	0
P16996	A6VQ42	0
P19235	O14543	1
Q62838	P18067	1
O25300	Q7VZM5	0
Q9NVI7	P82673	1
P20036	P69905	1
Q6FIN8	Q5HM28	0
P03372	Q6PGP7	1
Q6TYA9	Q81FL9	0
Q16891	Q9H169	1
Q9D7B7	Q8N6M9	0
O57428	Q32P68	0
O83706	O83148	1
P03372	Q92769	1
P50281	P51884	1
P05067	P15104	1
P02919	P0A870	1
A9MYZ7	H2A0L9	0
Q8K902	A7TQ35	0
Q9BVI4	Q9UHD9	1
P43613	P32481	1
Q49760	A4TDB9	0
B7UFR9	Q8K2M3	0
Q00988	B1LKE5	0
Q8N5S1	P10809	1
O14967	Q6PDS3	1
P0ABG4	P00634	1
P14094	Q9D8N0	1
O32220	O32221	1
O94254	A5UFH8	0
Q0V9V9	P70436	0
Q9D306	O84369	0
Q9ZS88	B2RZJ4	0
O80939	B0TC53	0
Q53FP2	P62424	1
P25024	Q71U36	1
B6QEE0	Q8VDD5	0
Q1QYX9	P17381	0
B1J0R7	Q6G0T9	0
Q66J54	A0KJJ9	0
O95944	Q8IZD2	1
Q9Y6C9	P30119	1
P0DKG2	F4HVA6	1
B2VKI2	Q1CEY3	0
Q37430	Q1LX51	0
B1ISB7	Q9VT50	0
O95202	Q16659	1
Q9TV49	Q4L383	0
Q9NP58	O00560	1
A9MZL6	Q5EY87	0
Q96I36	O43715	1
Q197D6	Q0ABZ7	0
P69423	P69853	1
P03225	Q9UHD8	1
P0ACV2	P00954	1
P34082	O62619	1
P51788	Q04637	1
Q3V4W4	Q68VT4	0
P23355	Q8LPU5	0
P53563	O80722	0
Q01740	P57292	0
Q719N3	P14659	0
Q94WW5	P32787	0
O32081	D4AKL6	0
Q15Q14	J3SFJ3	0
Q7UCL3	Q8TUZ4	0
Q9BSJ5	Q8N2W9	1
Q9EQC1	Q80YC5	1
Q74GA8	Q10D00	0
Q89AT8	Q8Z2Q9	0
Q9EQC1	E9PV24	1
Q9NZC2	Q9NP66	1
P51099	O75526	0
P0C320	E9ES90	0
P79166	Q8S3Q9	0
Q94F27	Q8TFG7	0
Q8N5G2	P28702	1
P83294	F5ZAY7	0
Q8XF83	B8HMF0	0
Q9H9B4	Q9NVH1	1
Q8BLI4	B6IZ08	0
Q15256	Q7L014	1
P00533	P31949	1
Q5E3T1	Q8XWC0	0
Q834D8	A4SCN7	0
O80298	Q8SSH0	0
Q3KNW5	P13236	1
P38085	P02557	1
Q8HYJ3	Q9GKX7	0
P03372	Q8NDX5	1
P00408	A4ISG5	0
Q6R0J2	Q83453	0
Q9LXF8	B7M6V4	0
P51788	P37108	1
Q75EP3	C5BEW8	0
P45767	B4TJ79	0
P05023	Q9BQE3	1
Q86T96	O02776	0
Q31RF3	Q83HT0	0
B5YPZ9	P0DJP0	0
Q13571	Q9NQ87	1
P33151	O95707	1
Q8WXH2	O00585	1
O83995	P16055	1
P14271	Q97QP5	0
P97943	B4N1C2	0
P11024	O60142	0
P02730	Q06124	1
B1NWD0	Q6NML5	0
O76062	Q5TA81	1
Q86Y39	Q9C002	1
Q6UXV4	Q9NX63	1
P60468	Q9UIF7	1
Q9R1N9	Q0S2C6	0
Q8NFN8	Q99755	1
P0CL28	Q6PF05	0
P38734	P02829	1
A0AH81	P82798	0
Q969V3	Q2MV58	1
C1GZK1	Q22071	0
Q5BK38	O22886	0
P0DOH1	Q6GQ23	0
B3E3Y5	P26062	0
Q46IV5	B2USZ6	0
A6X0T1	Q7SZM9	0
Q62179	Q9Z0G0	1
A7WZF5	Q18LD7	0
Q0GE19	Q8BRM2	0
P53985	P05771	1
Q3BAK8	Q146F2	0
Q7Y8I2	A1ZAY1	0
Q5BJF2	Q9H2K0	1
Q6NUK4	Q9Y597	1
Q5XJS0	A7GRD7	0
P05919	Q9HAV4	1
P38631	P33307	1
P18508	Q01020	0
Q96GX1	Q8WUY9	1
Q8N6L0	O75427	1
P24984	P63805	0
A0A1B4XBI1	Q68FP1	0
A2IBY8	Q9HV01	0
P83260	B7KSH0	0
Q07575	Q9YAV0	0
P0CC26	Q9UL03	0
Q9BVK2	Q9NR31	1
Q34944	Q6CSR7	0
Q9NZG7	Q7Z7G2	1
A9MEJ6	Q884U6	0
Q9UHF4	Q99741	1
A7I0J2	Q9ICP7	0
A0PNU3	Q9D287	0
Q4QQM4	Q5RDX3	0
P18572	A0JM98	0
Q661W1	B8EJT0	0
Q99L43	P62259	1
Q8WW34	Q9NX40	1
A1TTF7	Q3SPW7	0
A6RBW9	A5DE68	0
Q7UQJ2	Q4R374	0
Q63652	P0CY65	0
A1DI95	B2BRG2	0
P40073	P40568	1
Q86UK5	Q9NP71	1
Q96MV8	Q2TAP0	1
A0A1V1GB10	Q9NH52	0
P14906	P32908	1
Q3L6W1	Q9Y1J3	0
Q9BXP2	Q8TF50	1
Q7T278	Q2FZP7	0
O14786	P19784	1
Q7Z434	Q13137	1
M2YJD1	A9C1Z3	0
P22804	P20606	1
F1SY91	Q733I0	0
P04233	O14802	1
Q9ULB4	A8EYZ3	0
Q59E83	Q2RM94	0
P41587	Q9P253	1
A7MQU8	Q8MJD5	0
Q9SUE0	Q5R493	0
Q03913	Q04432	1
Q9VT20	A0Q8R8	0
B7LZI9	A8G6T8	0
Q02413	Q9Y265	1
P41587	Q86U38	1
Q969K7	I1S2N3	0
P51681	P13236	1
P0A0V2	B2SGC8	0
Q96JF0	Q8TF64	1
Q96MV1	Q8N5I4	1
Q94KB7	Q8H129	1
Q06481	P14921	1
Q96ER9	O75342	1
P13473	Q15742	1
Q9GKE2	A5IM44	0
P58158	P24375	0
P08739	A9M9T9	0
A7Y3L0	Q80VM4	0
B4TH65	Q8NV89	0
P12023	Q00493	1
Q6DR04	Q9GZT9	0
Q9S7M9	P31582	1
P29972	Q7Z3S9	1
A4XB61	B1J084	0
Q8VZG8	Q42484	1
Q8ZRV1	B0K1P6	0
Q6EW68	A6H779	0
A4R2N5	B7J168	0
B9KEZ5	Q8Y1P9	0
Q86VR2	Q9Y375	1
P50402	P03177	1
Q15388	O75694	1
P05067	Q7Z7K6	1
P10415	P38646	1
B0CHH0	P02812	0
Q8N9F7	P02765	1
Q03554	P25361	1
P32564	Q12223	1
Q9JZ36	Q03PA8	0
Q81WP2	Q0AUA5	0
P82251	P04792	1
Q6HCT7	P59817	0
Q58381	B8AEH1	0
P00533	Q5JNZ5	1
P03372	P51970	1
Q4Q5P8	A6U3V3	0
P40046	P11484	1
Q9BXK5	P01350	1
Q61767	Q922Q1	1
O50440	P70315	1
Q15125	O75446	1
P30556	Q96CW1	1
Q03322	P38932	1
Q5R780	O26096	0
Q5F3G7	A5GRE1	0
P13569	P23193	1
Q8WZ55	Q5VYK3	1
P22607	Q66K80	1
Q7TNN9	B7UPC3	0
Q9FY46	A8MHH0	0
Q8N6S5	P51452	1
P51800	Q9BYU1	1
Q8K0U3	Q8CFW7	1
Q7ZUA6	Q9Y6Y0	0
P49286	P53621	1
B1XAE4	Q3ED38	0
A5TZU3	Q27976	0
Q9XA14	Q9JZW0	0
P60468	Q6NXE6	1
Q4U4D2	A9R0A8	0
B4THD3	Q9UKB3	0
Q66ES8	Q3K7K0	0
Q86T26	Q14393	1
Q2YAV4	Q6GEE5	0
P39952	P38300	1
Q9JMH2	Q1DKE7	0
Q8SXQ7	Q07QX3	0
P97333	P17182	1
P62530	B6ERZ8	0
A1JLH7	Q6A6T7	0
O84075	A6Q486	0
Q674R7	Q8IV20	1
P07700	C1H563	0
P15811	B7IK00	0
B1WUI0	P36737	0
C0HLB4	Q95Y90	1
P40890	P02829	1
P40358	P40566	1
P44855	A1BJA1	0
A4K2N8	Q6Z348	0
Q9NQC3	P05161	1
P09619	Q13322	1
Q06451	P53172	1
Q9UN71	Q9BXX0	1
Q6P5W5	Q9H1A3	1
P17861	O14818	1
P19357	Q5XIH7	1
Q9HD23	Q9P0J7	1
Q15256	P48643	1
P04494	P56545	1
Q9Y256	Q96RK4	1
Q5RAL1	Q8XF77	0
B4U4K1	Q2YM63	0
Q9S9N4	P48349	1
B5RU30	Q9BUT1	0
P17813	Q9BUK6	1
Q9FGK4	P57752	1
P06415	Q63RL3	0
Q61767	O35887	1
A8EZ20	B5ZWK3	0
Q5UXT1	Q751U7	0
Q9EQC1	Q64459	1
B7JY03	P43778	0
Q7WY78	Q8K9K2	0
P37268	O43586	1
B7LSJ3	Q3KKS0	0
Q96JQ5	Q14254	1
O66688	Q88FB9	0
P16410	Q13905	1
Q81KT8	O95721	1
P04843	P05412	1
Q8N695	P20337	1
Q73US5	O54423	0
P0AFI9	Q9KNX8	0
P40988	P06244	1
P16389	P46243	0
Q840P7	A8QL59	0
Q9Y228	O43586	1
Q9H1K4	Q9BYQ3	1
Q9LK09	P38666	1
Q14832	O54420	0
P58281	G2JZ14	0
Q0P3J1	B1AIB7	0
A9MJT5	P50151	0
P32857	P06169	1
P19438	Q9BXW9	1
P36060	P33203	1
P22607	Q03060	1
O75503	Q9NRD1	1
B5F6X7	Q9XXU9	0
P51788	Q13200	1
P53045	P26570	1
P53209	Q12100	1
Q9Y6W8	Q9Y5W5	1
Q4FGG2	O67828	0
Q9I427	Q9ZV04	0
A8F8V8	A8A4P1	0
Q06RB5	O30633	0
P00533	Q99784	1
B2JGG3	A3KND5	0
P43146	Q9NRI5	1
Q54001	P04273	0
B9L3S8	Q1QVG7	0
P0DTC5	P57678	1
P05026	P04150	1
Q8IYS2	P24593	1
P53633	Q06651	1
Q5T4F4	P36542	1
Q8H5T6	A1UU35	0
Q9ULV1	Q60838	1
A0QWY2	A0A1M4BLT1	0
Q640L3	Q64096	1
P23380	P25161	1
A4IKE7	Q3YS14	0
A8H1B5	Q032X5	0
Q86UK5	Q16543	1
Q2W8Q1	O64495	0
P45002	P34119	0
P15127	P02770	1
Q9HCM3	O35826	1
Q86VR2	P78329	1
O14880	Q9Y2S7	1
Q62976	P60825	1
Q9SHC8	O95971	0
Q5HCG2	P92208	0
Q9UBD6	Q86Z23	1
P0C762	Q9UBX5	1
P47741	Q9Z0H7	1
Q9UBU6	Q96G27	1
Q8TF66	P56915	1
Q0THS6	O35317	0
Q21II7	Q0BG79	0
Q81V75	Q92YN8	0
Q8BG54	Q9JHD2	1
P0DH84	C3PM37	0
Q8BUJ9	Q9NS98	0
Q9C0B5	P49736	1
P00533	Q14192	1
Q5ZI05	Q5X521	0
Q8WZA1	B3LN45	0
P43666	P54899	0
P56746	P55040	1
P26715	Q99675	1
P22140	P26570	1
Q96F46	Q9BVV6	1
A8G7M2	Q03562	0
Q6P8F8	A5IKF6	0
Q1Q851	Q827B3	0
P20333	Q9H1R3	1
P34082	Q9VTP4	1
Q6GBD5	A1D5Z0	0
P45030	Q922P9	0
P19807	Q12230	1
P03372	Q86UK7	1
P53049	Q04322	1
Q9BVT8	Q96EQ0	1
Q9NVI7	Q99683	1
A0A1B0GWG4	Q5EA84	0
Q8IWY9	Q8TEX9	1
P40970	P19414	1
A5F037	Q99YE2	0
Q9BWL3	Q96JN8	1
C5GDJ2	A6X982	0
Q9IH63	Q9H4A5	1
D2I2F3	Q7VLG6	0
P49755	P14404	1
Q92ID5	B1LWQ5	0
P06213	O95968	1
P26522	P19125	1
Q86XL3	Q96MF2	1
Q1RAV8	B7KCH0	0
B6I2P6	B4RCU4	0
Q06417	P38217	1
Q6EMK4	A0PJX0	1
Q1EPG7	Q2KJJ0	0
Q6HLG9	B0ULK7	0
Q0V9U2	B7L891	0
Q2TAA5	Q99871	1
Q6GAF4	P31134	0
Q96ZM1	C1D5R7	0
Q87MW9	Q6GHJ1	0
Q9HZA6	Q39766	0
Q4ULW4	A8YTK7	0
P60201	P17655	1
P28223	A6T0H2	0
Q9HBR0	Q60967	1
Q9Y3E0	Q14254	1
C3LPS1	A1JJD0	0
B8E548	A3LU54	0
Q8WUD6	P63092	0
P04840	P40850	1
Q81PQ8	Q5R4Q7	0
O76329	Q55GF9	1
P0CT18	Q8VHZ7	0
Q1CGT7	Q5SHH5	0
Q6W3E5	A2BK91	0
B6YW76	P0DPB3	0
P32568	P48353	1
P07550	Q9NR21	1
O35114	P62259	1
B1LL36	Q6PBY0	0
P0DN80	D3ZTE0	0
P47985	P31930	1
A2SPZ1	B6EGT2	0
P09172	Q8N6K7	1
Q6CID0	A7GRN6	0
Q6NQA8	Q4P6N7	0
Q9LU77	Q9FG38	1
P53283	B5RE52	0
Q9HDC5	P51957	1
P46977	P0DOE9	1
P79902	Q2JTZ8	0
P24458	A9MAL4	0
A1WZT5	Q4WDE1	0
Q8N6L1	Q8IWL3	1
P75439	P75467	1
Q8RWI9	Q9SU67	1
Q15375	Q8WUJ0	1
F5HD92	B7LR46	0
O48023	Q2NHF0	0
P67389	B3M301	0
Q3E6R5	Q08058	1
Q8BH18	P61244	0
P19739	Q9Y5L0	1
A4SLX1	Q3IEC7	0
P47497	Q9HWC1	0
P48023	O43586	1
Q8NHU3	A4X4R3	0
P08069	Q7Z4W2	1
A2SIS1	B2KAQ0	0
B9IW25	Q43043	0
A8XKF2	Q8XZH1	0
P10721	Q9Z1L0	1
Q87NA5	A6VDW9	0
O43529	Q9Y5Q6	1
P36941	Q567U6	1
P20036	Q5NIF4	1
Q9BA02	A8YX30	0
Q96RJ3	P34881	0
P05141	Q13099	1
P37173	O75143	1
Q9H813	P43304	1
Q6GQW0	Q62108	1
Q66A07	Q12PX6	0
Q5JTH9	P05412	1
Q8AY34	A4W3F1	0
Q93084	O43521	1
O74702	C1CR56	0
P17813	Q8TB03	1
Q9NVI7	Q9Y2R9	1
Q9H1C4	Q96JB2	1
Q05359	P32589	1
P38342	P41805	1
P34861	Q1WVS1	0
Q0ZM14	Q5SWD9	0
O00124	P55072	1
P91645	P31409	1
A4D1S0	O76003	1
P03372	Q9NR30	1
Q7M922	Q12NQ7	0
Q3J6M6	Q93PM7	0
P30550	Q9UI95	1
P52849	Q9FGT1	0
P50416	Q05513	1
P30988	Q8IVD9	1
O94694	B1XDY1	0
Q35648	Q95LR0	0
Q9UBH6	Q96CS3	1
P05067	Q13951	1
Q4V9L6	Q6NSW5	0
Q8SJZ3	Q57HE3	0
P60115	Q6BH63	0
Q16394	Q922S8	1
Q7KZN9	O43324	1
P0DMC6	Q85446	0
P10321	P21266	1
B1WZG2	A4XSS4	0
P01375	Q12933	1
Q8IY95	P21589	1
B5YXB4	C0QW93	0
Q96GC9	Q9BV38	1
Q9Y276	P20839	1
P00403	A2A935	1
P40970	P14742	1
P08173	P32189	1
Q9LQ32	Q0BL95	0
P60935	P9WIB5	0
O31540	Q0BCK8	0
P38825	Q06677	1
Q2P352	Q60009	0
P22607	Q13404	1
P06453	Q8TJA2	0
Q9UF02	P0CJ78	1
P0A923	Q5E7U8	0
A5PJZ2	B0CKE3	0
Q6PL45	Q6IN84	1
A9MJT7	Q99LG2	0
B1IYZ8	Q6C6U1	0
Q0TAX1	Q9C9Y6	0
P0A197	O67611	0
Q7Z5M5	Q0BKV5	0
Q16849	Q92543	1
O14880	Q6UB35	1
P24638	B4TBN9	0
Q9R1J0	P62259	1
Q96KG7	A0MZ66	1
O60279	O00602	1
P00414	Q16082	1
Q864J7	P0DB69	0
Q9ULL4	Q16658	1
O14828	P04062	1
Q8LBP4	O80842	1
Q53R12	Q3SXM5	1
Q3KNT9	Q99828	1
P03372	P27695	1
Q8NFJ5	Q61187	1
O15155	Q9NZM5	1
Q99SX1	A3CQI2	0
Q9D1D4	Q7Z4R8	1
Q0CZG6	Q44240	0
O75460	Q9H2K8	1
Q5QGZ9	O95450	1
O75503	P02866	1
C0Q045	P0A9I4	0
P0DH64	Q5L5V3	0
B2U2C6	A9A2U7	0
P40073	P37254	1
Q9Z2G6	P14625	1
Q969X5	Q6PD62	1
B0RMR4	Q9UVC3	0
Q3L6S8	Q10370	0
B2SA93	Q1G9B9	0
Q9NZ43	Q9BQE5	1
Q9P244	Q6PKG0	1
Q8GXK5	Q8H129	1
B1IXS8	Q9D7F7	0
O88704	Q9WVI9	1
O60858	Q9Y6G5	1
Q9C0B5	Q9UGI8	1
P36029	P02829	1
A0A396GS61	Q8G7B3	0
A4XPR4	A4T318	0
Q0SZA5	C3L9P9	0
Q52106	Q9REU4	0
C5DQ25	Q3BXC6	0
B4EXQ1	P0A987	0
P90495	Q9NZT1	1
Q8BM55	Q97LP2	0
Q8TDS5	P56192	1
Q9R1W3	A0QYE0	0
Q9NQW8	P51957	1
G5EF33	Q6ANR2	0
O88186	Q29J14	0
A7MNK6	Q8N442	0
Q0TGS6	P0AAC1	0
Q8NI60	Q9Y371	1
Q9D1D4	Q9HAU0	1
Q4P9K6	Q130J6	0
P59648	Q72K83	0
P19357	P20069	1
Q16611	Q9UBB4	1
P08550	P25539	1
Q58795	A4XR61	0
P89946	Q9IAM7	0
Q794C0	Q7TSH9	0
Q5JTH9	Q15075	1
B8MJJ2	Q660H4	0
O88671	Q2A3Z2	0
P08195	Q9UI95	1
P0DTC5	Q9Y5Y2	1
Q32C86	Q9ERQ8	0
A6QX86	Q9SFB3	0
Q0V9V2	B1LJM8	0
Q19714	Q8G1B4	0
Q96MV1	P16444	1
P05556	P15336	1
Q5HGN6	P52963	0
Q3KGX9	B5E1I4	0
P60606	Q5R673	0
Q9H2H9	O95393	1
O15455	P12931	1
Q6ZT12	Q86Y13	1
Q5HK19	P9WJD9	0
Q1BSF7	E2RDZ6	0
P9WJT4	P30717	0
Q07824	Q12488	1
Q6QNK2	Q93ZM9	0
P53832	P53278	1
O60427	Q9BZE9	1
Q75008	Q9SR22	0
P03372	Q8N8A6	1
Q31LR3	B4E5L4	0
Q9UH99	O00159	1
P78310	Q92520	1
Q9C6A6	Q61SE7	0
Q8TDF5	Q5WJU6	0
P07506	B1X9V8	0
Q6RW13	Q9HB07	1
Q47908	Q38VV3	0
P45400	A9R8C1	0
P22607	Q9NZH6	1
P39107	P12695	1
Q9NZJ5	P11686	1
A5HY47	Q0I811	0
Q9FME8	Q6F9T3	0
Q12913	P49023	1
Q969N2	Q8IVV7	1
A0A0E4BZH1	Q7TNG5	0
Q89YX1	Q839B0	0
A0ZZ55	B5EBQ1	0
Q9NZJ5	P51957	1
Q969X5	Q92734	1
Q923J1	P80318	1
Q8TCT9	P0DOE9	1
O95470	P02808	1
P05030	P38720	1
Q9BZF1	Q96R06	1
Q86YC3	Q9HCN8	1
Q9Y277	Q70YC5	1
Q8IWV1	P61006	1
Q9JLB9	Q99NH2	1
Q941L0	Q9SK39	1
Q8DCX4	Q2IGX8	0
P22483	A4T9N1	0
Q9DF69	Q8BH60	1
Q9KNN1	C1KVW9	0
O29972	B9IYX5	0
Q9Y3E0	P04083	1
Q9SB75	Q94F58	1
Q9BTN0	Q9H4A9	1
Q9R2B6	Q96V77	0
O76024	P14550	1
P03372	P46779	1
Q96HS1	O95831	1
P21754	P14618	1
Q43257	Q4ZRJ2	0
B1KG50	C1KWW2	0
Q2JUG6	Q6DIY3	0
Q6FMU3	A5VCZ5	0
P31587	Q98C31	0
Q86SF2	Q9ZSH7	0
Q6TCG8	Q9TXJ0	0
P49768	Q9UHY8	1
A8LMF5	P0A0A7	0
Q940P5	Q0AWF3	0
P19357	P19804	1
Q6ZMQ8	P30305	1
Q196X5	B4NYU1	0
Q864U6	Q9RLT6	0
Q96RQ1	Q9H173	1
Q1JPD8	B7GWR2	0
Q13190	Q8N6T3	1
Q7KZN9	Q02880	1
Q9Z0T9	Q9PP34	0
Q8NFZ8	Q96SQ9	1
Q5DRB1	A6ZZM4	0
O73798	Q1G9R3	0
A6T4N0	C5NZL6	0
O31655	A1V116	0
P27824	P62873	1
Q8TBP5	Q5VST6	1
B1K0Y4	Q3U4I7	0
Q9P0S2	B3EWG5	1
Q8VZ95	O64587	1
P22310	B1XF10	0
Q9CKX3	B0D360	0
Q9NZ01	A2A935	1
P38703	P37898	1
B7LFG4	Q2TA29	0
O02194	Q86BS6	1
P43631	Q96DR5	1
P35438	Q9D415	1
P0AAE8	P44293	0
P14094	P51637	1
O14681	Q12982	1
Q8BTJ4	Q6CPI4	0
Q9Y6M7	Q9BYR2	1
Q9Y4D7	P09067	1
O76024	Q96MN9	1
Q3UIU2	P37840	1
A7MR37	P10599	0
P08069	P20936	1
Q96CP6	Q2MV58	1
Q02EZ6	Q8KGD2	0
Q5UXM9	Q831U3	0
Q08345	P21589	1
O84417	Q8NHR7	0
P03928	Q9UBP4	1
Q9EQC1	Q00623	1
Q9UKR5	P05109	1
P11362	O95816	1
Q9S972	P0C2I8	0
A1A7M1	A0KWE9	0
Q6ZMJ2	Q96GM5	1
O15126	Q6DKK2	1
Q9LSR8	B2J448	0
Q6NZ07	A8Z045	0
P05067	P09471	1
P54219	Q99519	1
P48303	Q6CK33	0
O60635	Q00059	1
P16389	Q92520	1
Q6MAK2	Q9CQ22	0
Q07817	Q9UKY1	1
Q9I427	Q59L86	0
A8FRR0	A0KEQ6	0
Q9P0S3	O75208	1
Q9NQC3	Q17RD7	1
A6W9V1	A0K5W6	0
Q57N57	B8D0Z3	0
Q56225	Q56219	1
P03372	Q92552	1
P29270	A7SK27	0
P48231	P36157	1
P34741	Q8NCB2	1
Q9HD23	Q8IWL3	1
P25445	Q9UHW5	1
Q493Q2	A8Z500	0
P43681	O43653	1
Q96FE5	Q9BZR6	1
Q8NI60	Q9H0P0	1
Q66PG2	B5FBK3	0
O00299	Q15139	1
Q9NZ94	Q16774	1
Q9GKE8	O16520	0
P40318	P80210	1
A4QJZ9	A2BPM3	0
A7R333	A4Y1D3	0
Q21XE6	P52022	0
Q1C5V2	Q6CHE9	0
P18163	Q6IN01	1
P97414	Q8BWT1	1
P20963	Q6PL18	1
Q5U9X3	Q9H1M4	0
Q67146	Q17684	0
Q8TAV4	O32197	0
Q42716	Q145X7	0
Q18695	A8GNZ6	0
A7H6N5	K7W9N9	0
Q7ZUU1	Q4FN26	0
A9NGL9	B2TUF7	0
P08473	O14745	1
Q8W9M8	Q02XW0	0
P03372	Q92833	1
P60468	P03246	1
Q2FIX9	Q6CU61	0
P15980	A0PV27	0
O42281	A8YV14	0
Q2QD36	O07683	0
P10620	A0A098DPY0	0
Q05962	P05952	1
Q9Y4D2	Q1C4J3	0
Q91XZ2	Q8ZQT5	0
O14735	Q99675	1
Q9C0B5	Q13347	1
Q86X19	Q8IZE3	1
Q6N5U3	P00433	0
Q8WXH2	Q9NR63	1
Q08958	Q91VJ4	0
Q8TEB7	Q15036	1
O75396	P31040	1
Q9NX14	O43920	1
P15127	P09527	1
Q9HNW2	A2SAC2	0
Q969V5	Q6NXE6	1
Q9LRP1	Q38922	1
Q96Q45	O00214	1
Q57M34	Q99WF8	0
Q68F79	B5BAW6	0
P51798	O00214	1
Q6ZI50	Q3USZ2	0
P40071	P53919	1
P0CA27	Q6FQT2	0
P47332	P62800	0
P08138	Q93045	1
Q96AG3	P60903	1
Q14108	P12956	1
Q9Y5E9	O75525	1
O43493	Q9H4A6	1
Q9UM44	Q92520	1
P16671	Q74XD3	1
Q5PL70	C5BET5	0
Q42525	P11574	1
P50599	Q8MUB1	0
P35372	Q8WTW3	1
Q0SXQ2	Q8FUL4	0
P55406	P0CQ20	0
Q9W266	B5XNM2	0
Q5RB29	P0A8P2	0
P48023	P14598	1
Q9N1R5	C1DKE9	0
Q8IZR5	P53355	1
P05067	P28062	1
A5DVB1	B4EZF9	0
Q2KIY2	Q8GWF4	0
B0REI2	A9MGT6	0
Q3T0L5	P59618	0
P32563	P25344	1
Q35136	B1AJ93	0
P42701	Q8IYL2	1
O75197	O94907	1
P33151	O95602	1
Q12913	Q9NR45	1
Q986D1	Q2L182	0
Q1CNB2	P80286	0
P19634	P31946	1
Q8GWP3	Q16AA4	0
A6MMQ5	O34293	0
P05141	Q9H1R3	1
Q12912	Q81JR3	1
Q8TBA6	O95619	1
O78702	Q5E9B8	0
B1LQH5	Q9FNZ5	0
Q9M1G4	Q8H129	1
Q96JN2	O14519	1
Q7TSN6	F1QQC3	0
Q6NXM3	A8GX08	0
B0TGB7	Q2GCC7	0
Q8N5S1	Q96K17	1
Q9H3N1	Q6ZRI8	1
Q9Y279	A6NFQ2	1
Q9EQC1	Q60668	1
Q54JV6	Q54CL2	0
P0DTC3	P15121	1
P53735	Q04439	1
B2T7K4	P09251	0
Q9Y6G1	P78362	1
Q37371	B8GNA8	0
Q20024	B5EYD7	0
Q9FF31	Q7QJM5	0
Q9BRI3	Q7Z7G2	1
Q6YLX9	Q85FT3	0
P29119	Q829W2	0
P74852	O75106	0
P25610	Q0IDP0	0
Q9NZV1	P0CK56	1
P69686	A8YWC6	0
Q6D3R1	B7MFQ9	0
Q15223	P36778	1
A6ZMD0	Q6CXV0	0
Q5HPQ8	B4TE58	0
Q5A4M8	P84246	0
P35968	P15650	1
P19549	P82650	0
P34230	P46655	1
Q9I0J1	A9MW31	0
P42892	O00182	1
P72793	B1XC38	0
B7MFW1	Q8FH88	0
Q9Y5Y6	P20339	1
A9N5P5	Q67NS3	0
Q14118	P25311	1
O15162	P04196	1
P19320	P39019	1
Q15758	Q96RS6	1
B3MH43	A3KEZ1	0
P63684	C1AJD9	0
Q14D33	Q86U10	1
Q4PEP6	Q9DBG1	0
A6NN92	P18568	0
P51571	P57078	1
P34969	P49411	1
Q9R187	Q9WV80	0
P55061	Q86YW7	1
Q8WVE6	A1SGG5	0
B7MI40	Q92949	0
P05067	Q2M1K9	1
Q04656	Q14103	1
P60468	O43683	1
Q69YZ2	Q8ZLS7	0
P07709	P40379	0
Q8N271	Q01893	0
Q48AB7	Q8F6B7	0
P41943	Q2J822	0
Q08409	Q12326	1
Q9HBV2	O14732	1
P40189	P43364	1
Q6NTF9	P24001	1
B1J6S8	B7V8B6	0
Q14943	Q8IW75	1
O12976	O06639	0
Q9Y5M8	P84085	1
Q9NY97	Q00526	1
Q66AS8	B6IBU5	0
P04231	Q8EPS9	0
P06408	A6V4H5	0
Q9I8D0	Q54JJ3	0
P33151	Q9NPB6	1
Q8TDS5	Q9BYR5	1
B7LGU6	Q31DJ0	0
Q5YJ58	P68439	0
Q9M9S6	O04326	1
P36894	Q9Y5W9	1
Q9PLI3	Q3YX01	0
P41597	P13987	1
Q9H9S5	O95498	1
A8M7V7	Q8WMI6	0
Q8DNS0	A8GN11	0
O15173	P02787	1
P22607	Q86SQ7	1
A6NDX4	Q65ZY7	0
Q55AP1	Q54XZ0	0
A4QJT2	Q8UWD7	0
O14524	Q709F0	1
Q28612	A7ZUL0	0
Q4LE88	B1I9S9	0
A5D9W9	Q9Y0A7	0
P40550	Q03973	1
A6T4N0	O93227	0
P9WJU5	Q95JS1	0
Q8NEC5	A8MQ03	1
Q5FWL7	A4FVI0	0
P27689	Q8IY22	0
B4PUZ3	A5CWI0	0
B5YPT7	Q2VYJ1	0
P49286	Q9BWW8	1
O14735	P03428	1
Q32BK1	A0K5D7	0
Q96IX5	Q9NX40	1
F4JZN6	Q53653	0
Q969N2	Q92802	1
O14788	P61968	1
Q5QS15	P16658	0
P53266	P40150	1
Q9NQ11	O15194	0
Q9H7Z7	Q8N140	1
P11215	Q6IN84	1
P19021	P10253	1
O75787	P09382	1
O08581	P09661	1
P0CX96	A3N2P1	0
B5BB21	F1N3B8	0
P13569	Q15181	1
Q6P1J6	O14901	1
P68434	Q8FFG4	0
A0A286LF00	A1BJ57	0
Q9HUX5	Q5P261	0
H2L002	A6T886	0
P28845	Q15818	1
O18497	P13331	0
Q9XNM5	O13089	0
O35465	P52927	1
Q01097	P53762	1
P19357	P04906	1
P0CAE4	A4JDW9	0
A8MVW5	P09382	1
P28222	Q8ZNQ3	0
A4QJS0	A9AF71	0
P35439	Q9JJ40	1
Q39134	Q94F58	1
P36895	P12268	1
A4WAM0	Q5QW95	0
P16655	P45870	1
O76024	P54646	1
Q6PDD0	Q6LLH3	0
A1ZAI5	P12711	0
Q3ZZU1	B5Z735	0
Q9SHZ3	Q91WG2	0
Q58838	P21031	0
B9JVI2	P12502	0
O08589	C4JFE4	0
Q03EK9	Q30ZR5	0
A5DGY3	Q9DDD5	0
Q62MP2	Q9K8V3	0
B1LFA0	B9DV61	0
Q08460	P04370	1
P90747	O02101	1
Q55E44	Q94819	0
Q5BFT5	Q33BX1	0
Q04NG2	Q6FCH8	0
B8F792	P16220	0
Q4KMG9	P46934	1
B1W0I7	A7GIT0	0
P37475	P45931	1
O00238	Q8A4N6	0
C1D0I1	Q66H07	0
Q9YH01	P0C595	0
P39925	P32767	1
P04626	O75820	1
Q969L2	Q96E29	1
Q03860	Q02724	1
A1JRU8	C3PNU7	0
Q32L10	Q934F8	0
P56767	B1XDD6	0
F4J0A8	Q7D1M2	0
Q9NQ11	O14976	1
Q7N3Q3	A6QFE5	0
Q5J1T0	Q9FJT7	0
Q9EQC1	P58252	1
Q6EMK4	P38558	0
Q04947	P16140	1
Q54753	B1JZ57	0
P31564	P86400	0
Q06810	O43765	1
Q2ABP2	Q2NG02	0
Q96FZ5	P31937	1
Q5XDQ5	B1LJ31	0
Q08931	Q99260	1
B2GJQ1	C0Q659	0
Q0T4E5	Q12K60	0
P40075	Q12451	1
Q8VRH0	P50414	0
P48023	Q15436	1
Q9LMN8	O04547	1
O95202	Q15118	1
P08541	Q2SVU4	0
Q02769	B1I6L7	0
Q8WTR4	Q9UI09	1
Q8WWG9	Q9NQB0	1
C0Q067	Q8FK51	0
P05067	Q5JRX3	1
Q864G3	Q55D12	0
A9QC80	P99025	0
P34230	Q06146	1
P38735	P38822	1
B1MLV9	P71391	0
O13695	Q12XW6	0
Q9W0T5	P15609	0
P05023	Q15796	1
P9WP60	B5XZK8	0
P19357	Q63507	1
Q03D91	Q2SRY2	0
A7FQH5	B8BBZ7	0
P24390	P53618	1
P29465	P43621	1
B1LEM1	Q0W0J2	0
P0CI39	P08539	1
Q8VZG2	Q5WN60	0
Q3ZCQ8	Q13509	1
B4SUR2	P18668	0
Q86UP0	Q0SRP2	0
Q969X1	A6L3Y2	0
P16070	P06461	1
Q9H813	O60518	1
P48257	P40646	0
Q9TDN2	Q5NGB9	0
Q9UKR5	Q96DV4	1
Q8TBA6	P51957	1
P20020	Q83DF6	1
Q9C0B5	P09622	1
O15439	P17931	1
Q9SL56	Q927U1	0
P15907	Q6P2P2	1
P47344	P25206	0
A0A4P8W744	Q0TAW5	0
O60636	A0A140G945	1
Q9UJS0	P51957	1
Q9MLL4	Q38SQ0	0
Q0IHI1	A3NWS4	0
P16070	Q9HCS7	1
Q9LKG8	Q9XEE6	1
Q8TGH6	P9WJL6	0
Q9KBI6	C5BET5	0
Q8C1T8	Q5WDZ8	0
P25656	P02829	1
Q56460	Q1LT55	0
B0R737	Q0RDS6	0
Q1PDW5	A0Q1T4	0
Q96I36	P38117	1
P37002	P69791	1
Q67ER9	Q9FLE9	0
Q9NS68	O60437	1
Q8NFJ5	Q16643	1
Q5HP65	Q9LQ55	0
Q9C0B5	O14617	1
Q9RND2	F5CPF1	0
Q57PD4	A3PF99	0
Q08460	P62821	1
Q9H1C4	P36542	1
P0DTC5	P25705	1
Q16348	O76011	1
D5CDA0	C3N8R2	0
Q8WUU8	O43765	1
Q7Z434	O95786	1
Q88E23	P0C7P0	0
P03372	P07205	1
Q8DMR6	Q0I1Y6	0
Q19AE6	P45850	0
A1AMA7	Q2SSF7	0
O15552	Q02747	1
P32418	Q8NUL0	0
Q6FLY9	A7N1E9	0
P59536	Q13153	1
P34082	P46223	1
O31593	Q2YIH8	0
P11215	Q9UBT3	1
Q6DHI1	Q01T78	0
B2G735	B5XXX7	0
P48551	Q86XI6	1
Q9V0X2	B0XRG7	0
P0C5E0	P47079	1
P42262	Q16854	1
O00767	Q9H2K0	1
Q6L3E1	F1QIC4	0
Q9VQ57	Q8YPV5	0
Q81WT3	Q99542	1
P39668	O06973	1
P13569	P55072	1
Q8LWT4	B4SUI9	0
Q53GD3	O43598	0
Q0BK61	A3PDX8	0
B5YYB9	B0TBN6	0
Q1LTA1	B7USW8	0
Q9ZCN5	Q5NQ29	0
Q13190	P38932	1
Q08919	P33416	1
P13285	Q9H0E2	1
P05919	P97876	0
Q28585	Q5NME2	0
P42262	Q1ICY9	0
O75787	O43504	1
B5E964	Q1B5T7	0
B9KDD4	P51153	0
Q9M841	Q9FKT4	0
Q8NHX9	Q9NRW1	1
Q14108	Q9H9P8	1
Q313V6	B2UEE6	0
O15155	P05198	1
Q9HDC5	Q9H6Y2	1
P43307	Q6IQ23	1
Q8WV83	A8MLB7	0
P48181	G5EDZ2	1
Q9NVI7	O96000	1
Q5YZ36	J3QPZ5	0
P08575	O15530	1
B0RMR4	Q5U3U3	0
A2RU14	Q7Z7G2	1
Q8GWT1	A6WX50	0
P0AD03	Q9PFV8	0
O43464	P57682	1
Q8NFB2	Q9HCP0	1
Q7CQ53	Q92SK0	0
Q4QQM5	P93114	0
Q6G7S1	B0RIJ8	0
P29033	Q9HAW4	1
Q8TAX9	P01019	1
P20333	P08670	1
Q9LR57	P15493	0
Q6UDI5	A9IGJ9	0
P13569	P61604	1
Q9BTV4	Q15139	1
Q14739	Q8NAF0	1
Q20605	A8W3M8	0
P34810	O43156	1
Q9BXB1	A2AUM9	1
C0LGR3	Q83FF5	0
O48065	A5IKI7	0
Q3YWA8	O08528	0
Q9SW31	Q9LRZ0	0
P40039	Q03151	1
Q14CX5	A8MQ03	1
P44129	Q76V03	0
O14237	A1KMX5	0
Q04082	Q1QPU2	0
C3JYN4	Q9BW83	0
P43307	Q9Y468	1
Q9BXM7	P00491	1
Q5R9X1	Q75H77	0
Q8NCC5	P24468	1
B4H1F5	B7VLX0	0
Q9NS69	Q96LT7	1
Q7WY64	Q9SSP5	0
P03372	O94864	1
Q4KMQ2	Q9H1A4	1
Q9H9B4	Q96FW1	1
Q9NX95	Q9H0H5	1
Q03707	Q07NH8	0
Q8IU89	Q9H0N5	1
Q08334	Q969J5	1
Q0A436	B5FTY3	0
Q9NYZ1	Q8NBQ5	1
P97849	Q52944	0
O43451	Q8ZJ16	1
Q3MIX3	P13804	1
B8G6Z6	B1L765	0
P36647	Q1GCM3	0
O75841	Q9Y680	1
Q1CCH0	Q3M9H8	0
P13473	Q7Z3B4	1
Q5U583	Q00948	0
Q96DZ9	Q9NVS9	1
Q05143	Q949T8	0
Q02978	Q96FW1	1
Q67143	P0C0A3	0
Q9Y5M8	P03177	1
B7JB88	Q2S2A3	0
P27168	A4W9B9	0
Q8L7Z0	Q58G01	1
P01833	Q96L92	1
P73354	P55175	1
P16849	B1JIH3	0
A6VMW8	A2ZET6	0
Q86X19	P41743	1
A4YWD8	B4T9E3	0
O76024	P22061	1
Q5N5A9	P06159	0
Q9D270	Q9M995	0
Q1E9R5	B2JDM6	0
Q8WTV0	P60411	1
P36027	P15790	1
P30301	P54652	1
P58034	P0A9A6	1
O54957	P42227	1
Q8TBA6	Q15276	1
P50591	O15519	1
Q6LZY8	Q89XV1	0
O43291	Q8IWC1	1
Q66BY5	Q8XAS4	0
Q9LYQ4	Q6CTU8	0
A4QKT1	A9VLC2	0
C0SP89	O23357	0
P9WG19	Q87ST6	0
P15422	A7GWY9	0
A3NYA9	C1D7H9	0
Q9SUI0	P22007	0
C8Z8J0	Q73IM5	0
C4XGW8	Q0CSD3	0
P0DPA2	O15409	1
Q34045	Q2JVR0	0
O14880	Q96RP9	1
P11229	P49407	1
O15427	Q8IZU0	1
P49810	Q8WVV9	1
Q92633	P02452	1
Q16820	P24001	1
Q8NFN8	Q9Y5U2	1
P35720	Q3T189	1
P21147	P02557	1
Q9BVW6	Q0ARM2	0
F6UF99	Q0HW67	0
P02786	Q3SXY8	1
Q8J207	Q7Z614	0
P69429	Q9T0K1	0
Q85IN6	Q3T052	0
Q92504	Q6UXX9	1
P38992	P26783	1
Q759K9	Q8UA91	0
O70594	Q03135	1
P13073	Q6IA86	1
Q5E9M9	D2H0H6	0
Q06GL0	Q5R894	0
P00533	Q06830	1
P14359	P38604	1
Q0T851	Q8VDD9	0
O15427	Q9NYB0	1
P32500	Q04477	1
Q3E6R5	B2U560	0
Q8GT66	P0A5R1	0
Q9VVF3	Q7V9S9	0
A5Z2X5	Q03785	1
Q9P0L0	Q8NC06	1
Q8N0U8	P06858	1
E0SAK8	Q3SZ76	0
P45778	B0U376	0
Q6ENU7	A7MYC5	0
B0E843	Q1DAM6	0
P69339	Q056V0	0
O75396	Q9BU64	1
Q8E5N2	Q4L742	0
Q6FJG2	Q86KF9	0
A5UIL9	P06766	0
Q7XAB8	Q89AE4	0
Q12077	A8Z453	0
P14906	Q06315	1
Q678S9	Q7SGD2	0
Q36976	Q6CNG8	0
P0A627	Q672F7	0
Q06681	P89886	1
O15155	O75886	1
Q8K064	P57357	0
P55448	P0CU50	0
Q8Z4W3	A9WVP1	0
Q8T9W2	Q2IWG9	0
Q7V0G7	C0M718	0
P53943	A1BE07	0
Q06GS4	B2I4S7	0
Q8N661	P03433	1
Q8N4M1	O14732	1
P38192	Q08273	1
Q9EQC1	Q9CZX8	1
P59639	O95947	0
P0AEP2	Q820E9	0
Q92896	Q6IQ23	1
P22111	Q9S7L9	0
P0CI71	Q91W86	0
O95070	P62826	1
O95169	P51149	1
Q8IXX5	Q6UR06	0
P9WG11	B2A663	0
P17948	Q8WZ75	1
Q9H8J5	P02649	1
C1C6F1	A9H167	0
Q66285	Q04836	0
P53541	P25694	1
P27824	Q9NZC7	1
P25103	Q03135	1
A0A0B4K692	B2FL68	0
P05067	P78352	1
P05067	P02769	1
P56726	Q0T2J6	0
P39285	Q3ALP8	0
A0ZZ61	Q4L3F7	0
Q9Y6H6	P04406	1
A2ZAK8	B2T606	0
P13747	Q96I34	1
P36269	P0CG38	1
P9WNL6	A1V0R7	0
Q08460	P62835	1
O00220	Q5SWA1	1
O31467	P45870	1
P55679	Q9ZFE0	0
Q9R283	B5FR09	0
O78516	A7GK43	0
O64771	Q4R6M4	0
Q4R4I5	Q5WT34	0
Q813A6	A5F8Y6	0
A2SFL2	A6VTW1	0
Q8N695	Q5HYI7	1
Q06136	P04792	1
O15269	P14404	1
P22460	P63279	1
P20963	Q4ADV7	1
Q54DM9	Q57B86	0
Q9Y8H5	Q9XCM5	0
Q6P1J6	O75031	1
Q9M3T9	B7IFU5	0
Q8R7S2	P03118	0
P39704	P40069	1
P14906	P40433	1
Q9LMN8	Q39241	1
B6IAT1	Q17DI7	0
Q940U6	Q9M591	1
P21147	P30822	1
O14672	P12931	1
Q23022	Q83B24	0
Q5HJA6	O74563	0
Q49X46	Q2SS11	0
Q9HBL7	A4WWP6	0
Q28740	A8ZYC8	0
Q09684	D0N607	0
Q2JUV4	Q72GE2	0
B4EZC4	Q73VL8	0
A5ESW9	Q02047	0
Q5HD01	Q7N8K3	0
P56790	P80019	0
P16206	Q4I2D7	0
P14180	P02309	1
Q9BPX6	B0RNK1	0
Q03860	P43603	1
O83767	P29722	1
A4QLK6	A6T5A7	0
Q0VDI3	Q884S0	0
P48770	A4RQ29	0
Q8NXF6	A9M402	0
Q9PR81	A7N9Y1	0
Q8BJQ9	Q86XS5	0
O13562	P13517	1
Q9MTQ4	Q18FC0	0
O21414	O85292	0
O88587	P62259	1
Q9BZF1	Q12800	1
Q8WXS4	Q01892	1
Q06593	P22696	1
P49755	Q05322	1
P38374	Q02159	1
Q5RB29	A8M746	0
Q83AR1	B7K834	0
Q05754	Q9GZH2	0
P68617	P04021	1
Q06107	P52546	0
Q8RQL4	Q5YNQ2	0
P35867	Q96I15	0
Q2SKU7	C0JAW7	0
O14569	B5BHA6	0
Q96KG7	Q86XR8	1
Q761V0	Q9GM03	0
O97470	Q8C1E1	0
A4FVW2	A8A489	0
P38756	Q02159	1
P44607	Q8HVN4	0
A6MME8	B0V5U3	0
B7LHS8	B4TJT4	0
P19357	Q9ERR2	1
Q9UHN6	Q8E640	0
B7ML07	A5V3Y9	0
A2WNZ9	A8YWE1	0
Q292Q0	B2V988	0
P34082	P40797	1
P16871	Q92520	1
P25297	P39523	1
O14880	Q86UY8	1
Q2G506	Q9CFX1	0
B7LQ78	B2JYN7	0
Q6ZMZ0	Q9Y2T2	1
Q8RGD8	Q5I1X5	0
P50657	B2W978	0
O15127	O95376	1
P0C739	P15586	1
O14880	Q04837	1
Q5HMB4	Q6CYV3	0
Q290M9	A2RAR6	0
P19320	P46781	1
E9QJQ6	A0M6M2	0
P20756	D4AQ27	0
O14880	P06576	1
Q14627	Q9UK39	1
Q9ZJH1	P04614	0
Q9LI65	Q086G0	0
Q86YD3	Q8IVL6	1
P41698	Q8W4I5	0
Q06GS4	A1SR71	0
Q13873	P50428	1
Q5RGU1	Q8HVY3	0
P05067	P01138	1
Q9H400	Q99944	1
Q6PCB8	P17931	1
Q8NAT1	Q7Z3S9	1
Q13651	Q9Y297	1
P04840	P16140	1
Q86Y39	P19404	1
Q6PEY0	Q12959	1
Q92187	Q96T51	1
P50945	Q02159	1
Q5XCY5	Q700C2	0
A8G1W9	Q8F6C0	0
F4KBM7	Q6MBG3	0
P92432	Q8EWB7	0
Q8NCL8	Q8TE76	0
A8N1Z1	Q51831	0
A0A023PXG7	B3LN45	0
Q61088	Q12959	1
A2BUS5	B5Z9T2	0
O14925	P54252	1
Q96189	Q8GXH3	0
A8Z075	Q2YWY1	0
P40319	P11484	1
Q6YXK0	P0DG88	0
B2IA62	A0K4H7	0
P16284	Q9UJD0	1
Q16891	Q9H8T0	1
Q93VM8	Q7VDY0	0
A4RM19	Q1C0J3	0
O00483	O43488	1
P30825	P60763	1
P25090	P06576	1
Q9FNB5	Q9LPN5	1
P03372	Q9BQ69	1
Q1HQF8	Q9D2G5	0
Q39233	Q9STR1	1
P53154	P38694	1
A4QJS1	Q9BZK7	0
Q6NUS6	P0DTC8	1
P03372	Q12894	1
A0A0U4EBH5	B2FQ14	0
Q54DE8	P0DMT4	0
Q8N6L0	Q96HA8	1
A0A1D8PNP3	A3DJE3	0
Q23316	Q9CWR1	0
P05187	P83917	1
Q83B45	Q9SR96	0
Q92824	P32242	1
P21796	P60174	1
A5GQF7	P0C636	0
P20309	A6UUT1	0
Q9C0B5	Q99873	1
Q9LXF3	Q8IWR0	0
B7K1G1	Q3JGX2	0
Q2IBA8	B9IVD0	0
Q949P1	P0A4U0	0
Q8MZC4	P42325	1
A4YVK0	P0CP09	0
Q02785	P53172	1
Q7GB25	Q9LPN5	1
Q8BGQ4	Q2YNR0	0
P0C9E0	Q5GSY2	0
B2CPI5	Q3ZBH8	0
B8ZSY8	Q7MXP4	0
Q9BRN9	O00148	1
Q8NAT1	Q13296	1
P17942	O51773	0
Q71H61	Q8C4J7	0
P35735	P29366	1
B1ISR9	P0CY78	0
P13073	P28331	1
P42287	Q9VVE2	1
P14094	Q91VK1	1
Q60EC2	Q19537	0
P15941	P78329	1
C6AR43	P15622	0
Q9C757	Q0E0P0	0
Q9GZP9	C0JB81	0
B3LLM2	B1JSA0	0
O15126	Q9NZD8	1
Q9PKX5	Q4V7D6	0
Q8BJA2	Q8FFE0	0
Q60B18	B7VU31	0
P0AA68	Q6HD85	0
Q9UKV5	P60900	1
Q0T9N8	Q3HM40	0
Q1I4R8	Q8PFH5	0
Q9LDN1	Q9LYB4	1
F8GE40	Q0AWK4	0
F1MMS9	Q32BP9	0
Q9BZD6	C3KXB9	0
Q1DZE0	Q5UXG4	0
Q4R763	A8MLB7	0
Q06418	Q9BYR5	1
O22203	B0SQV0	0
Q8NI60	P14316	1
Q06668	P40069	1
Q9Y275	Q15058	1
P60059	Q98MB8	0
P40056	P32590	1
Q9ASI1	Q5ZIN2	0
B9JZK8	B5XTL8	0
Q58865	Q56851	0
Q36151	Q9JZY2	0
A1S4D8	Q6FM84	0
Q96BA8	Q6BDS2	1
P48146	Q5T749	1
Q5QUY5	Q9P7L9	0
Q8N7X8	P57678	1
Q8W9G4	O08524	0
Q9UBG0	O15297	1
A3KNB6	Q43846	0
Q9BVI4	Q96EB6	1
Q07065	Q9NVF7	1
Q7VXL6	Q54U31	0
Q9BYE2	Q4V8E4	0
Q6CE86	Q1WVG9	0
Q9JMT4	Q6UR53	0
Q05611	P13574	1
P19320	P09211	1
Q96QE2	P78329	1
Q9C0B5	Q9Y3B4	1
P01871	Q8IY92	1
P0DI53	Q0T1T6	0
P05556	P07948	1
P03372	P14854	1
Q6CLN0	D7E9E0	0
Q08460	P63017	1
P56510	Q8PCQ7	0
P59542	Q6NUM6	1
Q9VJJ7	P9WJH1	0
Q3ZC50	Q6ZNG1	0
Q8N2K0	P0CK49	1
Q96GX1	Q9HCN8	1
P04578	O94919	1
Q9URZ4	Q823E6	0
Q0VP38	F4IYF8	0
Q96GC9	P80723	1
P0ABL5	P0A9M8	1
Q61627	Q10356	0
Q15YY4	Q21MS8	0
P39727	P32496	1
Q12160	Q0P9C7	0
Q14627	Q02338	1
Q6UWD8	Q99569	1
Q82XQ2	P42944	0
Q8N205	P33176	1
Q9Y7U1	Q4JL76	0
P22607	P53677	1
P61483	Q9M3I5	0
C4IZX0	Q2SR15	0
A9NQL1	B8DC25	0
Q96GP6	P16333	1
O65787	Q94F58	1
Q9BVX2	B8MVS3	0
P97792	P19793	1
A4DA85	Q747I7	0
Q8GZC3	C0JB73	0
P42167	P55197	1
P27449	P84090	1
B5BCP3	B4SSA3	0
Q8TAC9	O00213	1
B0FWC9	Q98L53	0
Q9C0B5	Q9Y3Y2	1
P11279	O75116	1
Q25540	A5IIX7	0
P39109	P04147	1
P35968	P49767	1
Q8N370	Q07627	1
P03484	Q0HWE9	0
P51571	P19419	1
O15229	P48741	1
B1LLM9	Q9UHR4	0
P04626	Q13200	1
Q9BY67	Q6VMQ6	1
Q54L87	B0C6R3	0
Q77376	Q02248	0
Q8WW34	Q00013	1
Q8NC44	Q9Y251	1
P08301	Q6D222	0
P04626	P17980	1
Q4L2X2	Q9FAF8	0
Q5HAA6	Q9GKI7	0
Q9ULT6	P61088	1
Q16281	Q9NYP9	1
P53073	B8BDV1	0
B1JUB0	Q0CSD3	0
P03372	P19404	1
Q8IY17	Q13418	1
O35219	Q99LF4	1
Q3IS61	B8DQN1	0
P98035	Q8U1V2	0
B1XW26	B4RCA4	0
Q9H0C2	P15882	1
Q8NBJ4	P22681	1
O43292	Q8TAP4	1
H2DH17	Q6G8Y3	0
B8EJ45	Q1QKW0	0
A2BYH8	Q08689	0
Q7Z7B1	Q2J0F2	0
Q99PL5	Q2NL82	1
P92550	A4QDE1	0
E7FEC4	A3QA46	0
P27824	Q9H3R0	1
P03372	Q8N5F7	1
P51571	Q05322	1
Q4QXU3	B8EBM0	0
Q07549	Q02201	1
P35368	P02768	1
P06475	Q3UMY5	0
Q96G97	Q9Y3E1	1
Q99PL5	O00567	1
B5FFH5	A5VIR6	0
Q5ZII6	Q04F76	0
Q8N5S1	Q13153	1
Q99XY3	O43182	0
P53007	P83887	1
P0DTC7	P55786	1
Q8WUU8	A8MQ03	1
Q5HR29	Q6G9W9	0
P22214	Q12488	1
Q08207	Q48735	0
P13637	Q0VD86	1
Q9C0B5	Q6IAA8	1
Q8P0C8	Q5AGD1	0
Q9EQC1	O08795	1
Q9UM00	Q9DBS5	1
Q9Y2A7	Q8CAF4	1
P0AF01	P20605	1
Q7XUJ2	Q1R031	0
Q5R8N4	A5DR04	0
O74383	Q9CLD5	0
Q47208	P0A6Y8	1
Q86X19	O00161	1
Q86UE4	Q8IXJ6	1
Q31UV9	Q9UYI4	0
Q9LK43	A4WGF3	0
Q7CQY4	A0A096LP55	0
Q53EP0	Q96N21	1
Q9C0A0	Q6VN20	1
Q9BTX1	Q6PFD9	1
Q9H1C4	Q9P2J5	1
Q008X3	P0DTT0	0
P07949	P50904	1
Q83NC0	A5CSJ2	0
Q7W7H9	Q2JLT1	0
Q9Y3E0	P61006	1
Q9BZW8	Q6AI08	1
O43292	P61981	1
Q12270	P25361	1
Q9NZ01	P62491	1
P54707	P23284	1
P32341	P33416	1
Q8RXQ2	A6T105	0
Q05611	P25588	1
Q36118	Q4QMJ8	0
Q56589	Q5XE86	0
P46977	Q9NWT8	1
A1ATB4	B2RHN9	0
Q8TZM7	Q85FL4	0
P43657	Q96GS6	1
O00559	A0A0F7YZQ7	0
Q97BF7	Q9DCM4	0
Q9C0B5	Q9NR50	1
A1S1G5	Q6CSZ0	0
P16284	Q9UQM7	1
P28496	P02994	1
Q885W4	A5IJQ2	0
P07143	P07251	1
P03372	Q13232	1
Q96I36	Q5T9A4	1
Q8ZNB8	Q1IZH8	0
P50416	P61965	1
O95070	O60749	1
P03903	B0T175	0
P21754	P21266	1
P08581	Q9UKW4	1
A5EX40	P50802	0
Q9UHI7	P19174	1
Q8Y3H6	Q0TLN8	0
O51145	P59959	0
Q3MFT6	A9G5S0	0
P27809	P00925	1
E1B9E5	Q9W2H9	0
P0CP37	B6IU92	0
Q9FRL3	B7KL10	0
O14836	Q9Y4K3	1
Q5P2R7	Q04YI9	0
P83094	A6UC40	0
P0DTC7	Q7Z4Q2	1
O14863	P49756	1
B3DZT3	Q6GN98	0
P47573	B3GZH3	0
O15552	Q6BCY4	1
P40126	Q9BV94	1
Q9PA93	Q87Q76	0
P13073	O14579	1
Q9LUH2	Q42403	1
P53217	P05317	1
P03372	P46782	1
Q8IS44	Q9T0E3	0
P44113	B1JK89	0
P51340	Q99814	0
Q7KZN9	O60264	1
O54715	Q9Y324	0
Q8WI34	Q8P8E0	0
Q86T13	Q7Z7A4	1
Q9H9P2	Q07325	1
P9WIP2	O81097	0
A1A5C7	Q5T749	1
P04439	Q9NPD7	1
Q13454	Q7Z309	1
Q3YYT7	Q5NR44	0
Q6PL45	Q3SXY8	1
P92527	B7LW84	0
P14406	Q5SXM8	1
Q3UJU9	P31930	1
O76024	O15381	1
Q6FMQ0	A4QJY3	0
B8MJJ2	Q5KTC7	0
O95221	Q01581	1
P19438	Q9BZG8	1
Q0K7S4	Q3ASD2	0
Q4ZL18	Q5WFE8	0
Q9GZP9	P03118	1
B1LEY8	A6ZPE5	0
Q494Q2	Q5FIY6	0
Q5R8Q2	P16572	0
P0A830	Q97ML3	0
Q2J0E7	P60364	0
P30550	Q13637	1
B4TUM0	A3MRB1	0
A7FLX9	Q6NHT1	0
A0A1B0GUU1	O67005	0
Q8N609	Q6PL24	1
A3MCG8	Q9RA35	0
Q53EP0	Q96I13	1
Q9BYT9	Q96B86	1
Q93050	Q9QYY8	1
P60181	Q1C960	0
P0DI37	B3H1A7	0
Q8TCT7	Q9H8H3	1
P13569	P62753	1
P91928	P53618	0
Q9LF97	Q732H0	0
O15165	Q6AWC2	1
P00155	B7LX41	0
B0TNS4	Q5X551	0
P39524	P14682	1
Q5JTH9	P10412	1
Q969M3	P10606	1
B5FV58	Q45206	0
Q9EQC1	Q8CIE6	1
Q730U2	B7IUG5	0
P50083	Q99181	1
Q96WV4	Q68FX0	0
P18877	A7MBI0	0
Q9NX76	P02775	1
P05067	P18124	1
Q9NQG1	Q9UMX0	1
B7LW74	Q8DKM1	0
B9EKX1	A4VSH4	0
P08195	Q9HAW0	1
Q86VU5	P54136	1
O60412	P63167	1
Q1H5C9	A1CBI6	0
Q9P0L0	Q9H4L5	1
P9WKQ9	Q3UPR9	0
P76298	P21893	1
Q8MSF5	Q9W0G6	1
Q28250	Q1CT84	0
Q8GWP3	A0M360	0
Q8NI60	Q9H2K0	1
C1AMV1	Q7MQJ5	0
B5E921	C0RIC3	0
P04843	Q96FW1	1
O95136	P21580	1
P39109	P39015	1
P43555	P40509	1
Q1C1B3	A3CN43	0
Q9ZC95	P61699	0
Q8DZH6	Q8YDL6	0
O42431	Q9KP34	0
A4FU28	A2A935	1
B0VS31	O13745	0
B2AU25	B8BLT3	0
P20701	P01106	1
P51322	Q7UDD0	0
Q9EQC1	Q62446	1
Q52819	A7MVJ5	0
Q96H96	P56192	1
P23380	Q9W0S7	1
Q667R0	Q5BL56	0
Q00954	Q8C7R7	0
Q9KQW9	E1ZXU8	0
Q8N441	Q92628	1
Q7G602	Q325C3	0
Q9D8V7	Q2VZR7	0
A3QEI9	Q9UTH8	0
Q9I273	P84887	0
P69235	A0A1W6EVN2	0
Q08460	P17182	1
Q14126	Q80X56	1
P15127	P06761	1
Q8Z290	Q6A0A2	0
O43752	Q9KRA7	0
Q8WXH2	Q5VYS8	1
P06028	O14810	1
P11362	Q9H1Y0	1
B6KLP1	Q7MHE0	0
P0AER7	P15293	0
Q6DN12	P01106	1
Q96S52	P13533	1
P25107	Q96RG2	1
A2RU48	Q9H668	1
P0AEK9	O83938	0
P30825	P02652	1
Q02783	P02829	1
Q9H3S5	Q96KN2	1
Q9Q0L9	Q09G55	0
B3PIT1	B7GY31	0
P03372	Q01105	1
Q04684	Q661V4	0
Q8GZC2	Q5FL04	0
P19657	Q08273	1
Q9Y282	Q9BQE5	1
Q32RJ5	A7N9R6	0
Q3UV31	A4QYF9	0
Q6ENF6	A3EXD7	0
A0PXM8	Q9VK34	0
P9WJY6	Q8FJ88	0
P38127	P38288	1
O95259	P62490	1
Q02742	P28838	1
O75396	Q9Y676	1
Q9UQ90	P61289	1
P9WKQ9	Q88CT3	0
Q93033	Q9UHX1	1
O54942	P39447	1
O92284	B5FI15	0
Q723S2	Q8ZWY4	0
Q15800	P05154	1
A1AIS9	Q32IT9	0
Q7PC76	B0VYX7	0
P54756	C3MRJ9	0
Q9G3N4	P98138	0
Q16611	Q7Z699	1
Q2SZM5	O25340	0
G5ECQ2	G5EE71	1
P40073	Q03497	1
P64454	Q3YX10	0
P64429	P0A7X3	1
Q0G9V7	B5F465	0
Q6PKC3	P61416	1
B2SB55	B0BNW4	0
Q4L6C5	Q9VQ93	0
P51572	Q8NI35	1
Q12274	P02829	1
Q6WB95	Q6ZNG1	0
Q9Y279	Q8WV60	1
P10586	P62805	1
O60313	Q9NRI5	1
Q6NP60	Q9VAH4	1
P55286	O14939	1
P03478	Q5PMZ6	0
Q965Q8	Q6YRD2	0
P9WPS5	P10908	0
Q6GAX6	Q9NSJ1	0
B4TV35	P45060	0
Q0P7X3	O14639	0
Q59076	Q8Y3C8	0
Q9ZTP3	Q06GZ0	0
P30550	P61224	1
Q61767	Q9R0X4	1
P23470	Q9BVJ7	1
Q8R411	Q8NFJ8	0
A7IGT0	C6AR33	0
Q9HC97	Q8TCF1	1
P0AAT4	P63284	1
Q3SZI5	Q6F0I3	0
A7ZLH2	O65034	0
Q9C5U2	Q8W468	1
Q01218	P0A3N7	0
O83425	O83398	1
Q3U1F9	Q6ZQ38	1
Q7PIR5	A8FKI8	0
Q9C0B5	P04156	1
P0ABL5	P76556	1
P0A845	Q6WKZ7	0
P26936	O35002	1
Q9LRS5	A5A6J7	0
Q03707	P53141	1
B5Y1Z8	P70089	0
Q96JJ6	P49760	1
Q9Y6C9	Q8WYQ3	1
Q9C0B5	P15121	1
Q5BJH2	Q99551	1
P08069	P41240	1
P69448	Q1LZD9	0
O95502	Q57GZ4	0
P15127	P97852	1
P03372	O94992	1
P19554	Q5EA66	0
Q99JY8	Q9CQV8	1
Q3EDD7	A4STG2	0
Q17VL4	B4U573	0
A4IVT5	Q82HE5	0
P54251	B0BS15	0
A1AI91	Q6YBV1	0
Q9SHJ5	Q12083	0
P0A843	P36930	1
Q9Y2U8	P05771	1
B5BI47	A6TCD7	0
Q6K8S7	Q493S0	0
Q8N428	Q1WV00	0
Q8NCR0	P49770	1
Q5IS76	Q3HNM7	0
Q3MCB9	P50825	0
Q96D53	Q5JRX3	1
A4GGF4	P0A2E2	0
B1X838	B7LXM0	0
B7UQE5	Q7KWW8	0
Q16891	Q9BXP5	1
Q9UN71	P62829	1
P04626	Q14863	1
A4QKU2	O02305	0
L7WME6	A1TXW4	0
P26715	P36957	1
P19320	O43684	1
A6ZR39	Q6NS15	0
Q8NI60	Q8WTS1	1
P16655	A6VMR3	0
M1C5M7	P74106	0
Q8NE86	Q9BV94	1
Q05962	Q4KMA2	1
Q8IWU2	Q68J44	1
P55899	P61769	1
P32363	P47079	1
P03372	Q8IYT4	1
Q9C0B5	Q01780	1
P28908	Q13114	1
O34437	B7L6I2	0
P27824	P30086	1
Q99190	P12753	1
A7FFD9	Q0TU89	0
P9WLI7	Q87SG3	0
P55244	A5VQ02	0
P51027	A2S9Z3	0
P38695	P40582	1
P23641	P14741	1
Q9UHJ9	Q99675	1
P43115	Q5SWA1	1
Q8N3Y3	Q03405	1
P97414	Q8CIB5	1
A5UA05	Q7V5X8	0
O15197	P78424	1
P03372	Q29RF7	1
Q0TBS5	P07666	0
Q9NTN9	P55212	1
A0A0H3JTK0	Q0BBD5	0
Q9UKR5	P33240	1
O54101	P37470	0
P60035	A2T6K4	0
Q86UE6	Q6NUM9	1
P30530	P12931	1
O00400	Q86UK7	1
P47094	Q02159	1
C0Q066	P12539	0
Q9BWM7	P06461	1
E7FBS9	A8WGP3	0
Q5T3F8	Q5HYI8	1
Q05131	Q04347	1
Q1QSC4	C1A6B8	0
P0C739	P30519	1
P05067	P12036	1
Q9FXT6	Q9XF57	1
Q9LD40	A2C556	0
P19320	P25789	1
Q0JEF7	A0FGR0	0
Q9C0B5	P30084	1
Q0AZ32	Q62FR4	0
Q96HS1	Q8IY92	1
P53049	P40361	1
P00533	P06576	1
Q92824	Q12837	1
Q98CU0	B1YV30	0
B8GX61	P41221	0
Q9MUN8	A6QB62	0
Q3B110	A6WM17	0
O95136	P07360	1
P17948	P14618	1
Q54QP7	C1CKW1	0
P48181	Q17426	1
Q16563	Q96Q77	1
P03182	O60716	1
P40144	Q4UWJ9	0
Q92459	Q756G8	0
O00391	Q9BWU0	1
Q95MQ5	Q9SMR2	0
Q9H9B4	Q16659	1
Q96DC7	Q9UMX0	1
Q9P0L0	P56181	1
P12772	P08153	0
Q9M1V9	A1JSW6	0
B7MV12	Q252Y3	0
P58511	P0DM35	1
Q2FPH2	Q31FI6	0
A5PJQ2	A9II05	0
Q86XK7	Q9NVH2	1
Q9TEU7	Q1CUY2	0
B5YKI9	P0DJ73	0
Q5XGF7	Q5RB45	0
Q09013	P46783	1
O15529	P02808	1
O43306	Q8IV38	1
Q7PC80	C3MW64	0
P43004	O00213	1
Q6QAJ8	Q06124	1
P05139	Q6L3A6	0
Q5VV42	B5RDU6	0
Q08460	P97457	1
P38258	P53919	1
A4ZUC3	Q54NF8	0
Q5QGT7	Q3SXY8	1
Q9LVI6	Q6DR24	1
O94966	Q02790	1
P23482	P22188	1
P08247	P30405	1
P37173	O60259	1
Q96EC8	Q9BQE5	1
Q2G0B4	B7MM76	0
Q9Y3D6	Q9C002	1
Q9X900	Q0A8Z4	0
A5VVQ3	B3E1K5	0
Q3MHI3	Q9HN40	0
B1KQ39	C3LRY9	0
P00156	Q14764	1
Q6G0D0	Q9S752	0
P50973	Q6MGM5	0
O97881	Q0SY57	0
P11912	Q9H1M4	1
O96099	B2A2H0	0
Q8AXS6	Q1JHC5	0
Q2Y8G8	Q9V637	0
Q849R1	Q04BH0	0
Q34300	Q5R9X6	0
P09720	Q1WU60	0
O43493	O60282	1
O00299	O75832	1
Q0AM65	Q56121	0
B5Z436	Q3Z8Y0	0
Q650L9	Q6GN98	0
Q09573	A4TP65	0
Q04565	Q1L5Z8	0
P06821	Q13144	1
Q5BD67	B0RVB3	0
D4D5I1	A4G615	0
P19438	P19105	1
Q9UKU6	P31749	1
Q9Y3E0	Q08379	1
P05067	Q9NSC5	1
Q22957	Q7WHB6	0
Q9BXM7	Q6DN90	1
O96005	B1XFA9	0
Q9LP77	B7MYB7	0
Q0HV56	A0A0K8P6T7	0
Q969W0	G3V7Q0	0
Q9LUN2	Q9SXA0	1
P00533	Q92870	1
Q04935	P03706	0
B0FWK4	Q6FA61	0
P04843	P0C6Z6	0
Q7VKY8	Q2W3X1	0
P49810	Q8NBB4	1
Q8K4D3	P01386	0
Q9C0B5	O60884	1
P43595	P40150	1
B7N0B7	P98169	0
Q96I36	Q86TX2	1
Q9NQX5	P60328	1
Q7A092	Q9FIM8	0
Q32GL1	A6QEG4	0
B0TQF8	Q812X3	0
Q8PC32	B0XRS8	0
Q9FVQ5	P0A1B8	0
Q9UGP8	Q6DKJ4	1
C1CMJ2	Q8NBK3	0
Q9V3L1	Q5E9I6	0
P16141	Q6DJB9	0
O75712	Q15717	1
P05067	Q99584	1
Q0I7J2	C1CX98	0
A0Q1L0	F4HRC1	0
B1KD43	Q607B2	0
Q7VHP1	B0YCZ3	0
Q9LZV7	P30187	1
A6V2E4	A6LPP6	0
P34082	Q9VRA2	1
Q84K71	P48491	1
A5DQ25	Q2NUV8	0
G1S9B8	B6I8Y0	0
A6U6M6	B0UL61	0
Q9VES1	Q04499	1
Q1MFK3	A8PZM4	0
Q83NJ2	A1KJ19	0
B5FDB4	A8FFU1	0
Q6AYF7	Q64336	0
Q9BBN9	B1IPV5	0
Q9LSJ8	A7Z9V1	0
P35400	Q96S59	1
E1BPQ3	Q2NQT9	0
P02786	P69901	1
P0A631	A0A3Q7ELQ2	0
O15162	Q6L3A1	0
P13473	P68431	1
Q8SJG7	Q65GN4	0
P01375	O75459	1
O95674	Q96MG2	1
P53266	P07257	1
A1U669	A0K729	0
Q86V40	P01106	1
B3LRL2	Q1D1I2	0
P53845	P38815	1
Q9Y561	P0CK58	1
A4VWE0	B1AWI6	0
Q6UXB4	P30613	1
P13569	P49368	1
O94661	Q7A1H9	0
Q15077	Q8WUM0	1
Q96J86	Q96QZ7	1
Q9NSD7	P14625	1
P9WPT5	A9BJD6	0
Q969V5	P63279	1
P0DJI3	Q9V564	0
B1GYJ5	Q4U4N3	0
Q24322	Q9VN25	1
Q15RL5	A8LY18	0
F1Q8C3	A7FU76	0
Q969X5	P17600	1
Q01814	Q9H4I3	1
Q5PNA9	C1GGT8	0
C0S7H1	Q0VZ41	0
P04578	Q9UJZ1	1
Q96IX5	P63280	1
Q6GR21	Q8JIR0	0
B6I1V8	P42731	0
P06213	Q92485	1
A2CEQ0	Q0TP22	0
Q6B8K4	Q2FIB4	0
C0PYW1	P11434	0
P19320	Q5JXB2	1
Q5W0Z9	Q68D91	1
Q61735	P05064	1
Q05359	P40582	1
Q814J3	Q8DLV6	0
Q64663	B6V8E6	1
Q9Y241	Q9NYF5	1
P01872	Q64389	1
Q9UBK5	O00602	1
A8A2F7	A4VKM0	0
P19320	P48444	1
A1VYC7	O04482	0
O00587	Q2GG48	0
Q59998	P52640	1
Q1MWH8	A0AIB5	0
A5GTC7	A3N2R6	0
P38083	P33301	1
Q96RD7	Q92843	1
Q07737	A1A3N3	0
P09055	P30101	1
Q9NX94	P41091	1
Q9NWW5	Q9Y679	1
B7MUI4	O14417	0
P12830	P07900	1
E9Q942	Q9NV70	0
P9WFM5	Q7NVB6	0
O79229	P0DTQ7	0
P03372	P46777	1
B8NFL5	A7FNJ3	0
O14880	P51398	1
P0DI25	A8X419	0
Q71RJ2	Q55729	0
P34082	Q9VXH9	1
Q6UX27	Q9H169	1
Q9FVV9	Q39241	1
P18414	P16140	1
A4GVD1	Q9QUR2	0
P33915	P69931	1
P06821	P27635	1
P03372	P32780	1
Q54TB2	B5XNG1	0
Q9XU63	A4IR19	0
P04840	P10964	1
Q8D1U8	A6LKF8	0
Q03824	B2K533	0
P09613	Q7Z4Q2	1
P0DTC3	Q13772	1
Q9NS64	Q9UKB1	1
O95139	O43920	1
Q2H1P3	G5EC36	0
Q9FRK5	Q9C557	0
Q9SR93	P57752	1
Q14432	Q8VC57	1
P01889	P26640	1
Q92956	P20618	1
Q9NZV8	Q8N5Z5	1
P18850	P53396	1
Q1XDG1	C3LP97	0
Q03343	P60879	1
P03372	P29558	1
Q9P2W9	Q8IWL3	1
D5AUZ7	Q52481	0
Q92956	P50395	1
E9ED72	A0AYH4	0
Q9P055	P35579	1
Q12772	P18146	1
P03372	Q16594	1
Q9Y6I9	Q8N4C8	1
A1KRZ8	Q8R9L8	0
P35408	Q8TAG5	1
P0AG96	P10408	1
A5FPL0	Q5I0I4	0
O43674	P51970	1
F4IYM4	Q86H36	0
Q65E87	P17149	0
P38574	P39735	0
A3N3S4	Q5YNI2	0
Q1RDA5	A1CW14	0
Q9XDP0	Q23500	0
P53073	Q12025	1
Q4UK26	A3CNJ9	0
Q969F0	Q92843	1
P21796	O88441	1
P13473	Q9UMR2	1
Q8NI60	Q9Y6H1	1
P47040	P52941	0
O34798	Q71T09	0
Q5RE98	C8Z5R9	0
B4EZ50	Q1I640	0
P0AFE2	Q9WXI6	0
O15155	P49757	1
A3F5L3	Q1GFL4	0
Q03529	P38694	1
Q7NCR8	Q9Z3Z9	0
Q8SZ63	O46339	1
Q9H813	Q8TC07	1
Q21629	Q9IB84	0
Q67BJ4	Q8EJQ0	0
P03961	Q8XJR3	0
Q9BSF4	Q8N4Y2	1
Q924X2	Q16082	1
O00264	Q8NES8	1
Q9BQS7	Q3K6J0	0
P0DPA2	Q13057	1
P17813	Q7Z7C8	1
P05067	P01137	1
Q567V2	Q6ZQH8	1
Q2TBU2	Q1JJG7	0
A1AGY3	Q3T0F5	0
P38731	P11484	1
O83744	O83409	1
P79292	Q7ZXB1	0
Q9TM30	P37676	0
P20333	P11182	1
Q15041	Q96CM8	1
O13147	C1D7H9	0
Q9M812	Q61214	0
Q9NZ43	P46459	1
Q4J711	Q7U9Y3	0
Q5F4G7	D2Y2J3	0
C1GU90	B6DD28	0
O60488	P82914	1
P14906	P40960	1
Q8P000	Q8CXT8	0
P20963	Q6WCQ1	1
P0C7T8	Q92565	1
C0M824	B7KJX0	0
A4TIM6	Q99N94	0
F4JW83	Q6BXN8	0
P23641	P41318	1
Q61767	Q9ESP1	1
Q9HBR0	O24407	0
Q14957	Q96CS2	1
Q8TED4	O93528	0
Q292N4	Q8LPF1	0
Q12767	P41223	1
Q5PL17	A2T806	0
P60033	Q5JTJ3	1
Q8L710	B0UUF1	0
A9MYF8	Q6WP39	0
Q9H9B4	Q9NRP2	1
B1H3B1	Q06219	0
Q7UC63	Q31QY1	0
Q07817	P04049	1
Q8TBE1	B7NR61	0
Q16625	P19404	1
Q8VDX6	O64728	0
Q6L147	A0AK63	0
Q03613	Q5A0Y2	0
Q9M1V9	Q8H129	1
P59653	Q8XJN8	0
Q7A363	A4VKA4	0
P53151	A7AX58	0
P04821	P47101	1
A8GFG0	A1B2X1	0
Q99PL5	Q71UM5	1
Q9T4A7	B4T857	0
O14880	Q71RC2	1
P13569	Q9NQH7	1
Q96E22	Q86SQ9	1
Q9UMX3	P10809	1
O96008	P08559	1
P58164	Q2YBR1	0
