Q8TCW7-P20226	0	0.317143
Q8TCW7-Q16650	0	0.177333
Q8TCW7-Q3YBR2	0	0.351598
Q8TCW7-O75333	0	0.182293
Q8TCW7-Q96SF7	0	0.154264
Q8TCW7-O95935	0	0.164555
Q8TCW7-O60806	0	0.253183
Q8TCW7-O43435	0	0.302680
Q8TCW7-Q9UMR3	0	0.227693
Q8TCW7-Q9UL17	0	0.187186
Q8TCW7-Q9Y458	0	0.125867
Q8TCW7-Q13207	0	0.146199
Q8TCW7-O15119	0	0.204857
Q8TCW7-P57082	0	0.170255
Q8TCW7-Q99593	0	0.234054
Q8TCW7-O95947	0	0.125618
Q8TCW7-O15178	0	0.176643
Q8TCW7-Q8N7M0	0	0.188977
Q8TCW7-Q5JR98	0	0.143708
Q8TCW7-Q9BUR4	0	0.244508
Q8TCW7-Q9Y4C2	0	0.421184
Q8TCW7-A6NFQ2	1	0.692238
Q8TCW7-Q8N3R3	0	0.092435
Q8TCW7-Q15170	0	0.103411
Q8TCW7-Q9H3H9	0	0.289750
Q8TCW7-Q969E4	0	0.193658
Q8TCW7-Q96EI5	0	0.210556
Q8TCW7-Q5H9L2	0	0.198002
Q8TCW7-Q6IPX3	0	0.201508
Q8TCW7-Q9BRU2	0	0.211042
Q8TCW7-Q8IYN2	0	0.209753
Q8TCW7-Q9UHQ7	0	0.255968
Q8TCW7-Q8IUC6	0	0.116723
Q8TCW7-Q86XR7	0	0.235068
Q8TCW7-P23193	0	0.470141
Q8TCW7-Q15560	0	0.436077
Q8TCW7-O75764	0	0.358222
Q8TCW7-Q12870	0	0.156580
Q8TCW7-Q9Y242	0	0.219000
Q8TCW7-Q9UGU0	0	0.182859
Q8TCW7-O43680	0	0.158900
Q8TCW7-Q7RTU1	0	0.201856
Q8TCW7-Q7RTU0	0	0.227334
Q8TCW7-Q9BQ70	0	0.189229
Q8TCW7-P36402	0	0.153770
Q8TCW7-Q9UL49	0	0.216254
Q8TCW7-Q5QJ38	0	0.276514
Q8TCW7-Q9BT92	0	0.160455
Q8TCW7-Q9NR00	0	0.176670
Q8TCW7-P56279	0	0.265067
Q8TCW7-O95988	0	0.247639
Q8TCW7-P20061	0	0.402157
Q8TCW7-P20062	0	0.228235
Q8TCW7-Q13428	0	0.280570
Q8TCW7-Q8TDR4	0	0.178661
Q8TCW7-P53999	0	0.322847
Q8TCW7-P17987	0	0.391166
Q8TCW7-P78371	1	0.582617
Q8TCW7-P50991	1	0.506545
Q8TCW7-P48643	1	0.640201
Q8TCW7-P49368	0	0.412856
Q8TCW7-Q99832	0	0.412208
Q8TCW7-A6NM43	0	0.335202
Q8TCW7-Q96SF2	0	0.291162
Q8TCW7-P50990	1	0.546265
Q8TCW7-Q7Z6L1	0	0.203445
Q8TCW7-O15040	0	0.374763
Q8TCW7-Q92526	1	0.638958
Q8TCW7-P40227	1	0.565308
Q8TCW7-O14776	0	0.217510
Q8TCW7-Q5VWI1	0	0.119159
Q8TCW7-Q9HAU6	0	0.283384
Q8TCW7-P13693	0	0.440661
Q8TCW7-P13385	0	0.331985
Q8TCW7-P51864	0	0.297449
Q8TCW7-Q13569	0	0.277807
Q8TCW7-Q8IZJ6	0	0.181536
Q8TCW7-Q9H147	0	0.322221
Q8TCW7-Q5QJE6	0	0.195708
Q8TCW7-Q5VZ19	0	0.164484
Q8TCW7-Q587J7	0	0.286760
Q8TCW7-B5MCY1	0	0.115104
Q8TCW7-Q9BXT4	0	0.197878
Q8TCW7-Q9H7E2	0	0.249151
Q8TCW7-Q8NAT2	0	0.240830
Q8TCW7-Q8NHU6	0	0.261859
Q8TCW7-Q8NDG6	0	0.133491
Q8TCW7-Q3Y452	0	0.143447
Q8TCW7-Q9Y2W6	1	0.531473
Q8TCW7-Q86YL5	0	0.246000
Q8TCW7-P04053	0	0.244577
Q8TCW7-Q9NYB0	0	0.286386
Q8TCW7-P28347	0	0.182234
Q8TCW7-Q15562	0	0.222292
Q8TCW7-Q99594	0	0.257302
Q8TCW7-Q15561	0	0.261929
Q8TCW7-Q96MN5	0	0.194019
Q8TCW7-Q8N8B7	0	0.314461
Q8TCW7-Q15185	0	0.391994
Q8TCW7-Q2MV58	1	0.626470
Q8TCW7-Q96PL2	0	0.299767
Q8TCW7-P42680	1	0.812869
Q8TCW7-Q86SX3	0	0.173828
Q8TCW7-Q7L2K0	0	0.175305
Q8TCW7-Q96QE5	0	0.137846
Q8TCW7-Q10587	0	0.360190
Q8TCW7-Q969V4	0	0.346568
Q8TCW7-Q9UIF3	0	0.259571
Q8TCW7-Q9BXF9	0	0.244026
Q8TCW7-Q8WW24	0	0.272445
Q8TCW7-Q96M29	0	0.360411
Q8TCW7-Q9Y4R8	1	0.668774
Q8TCW7-O15273	0	0.224181
Q8TCW7-Q86WV5	0	0.269670
Q8TCW7-Q9UQP3	0	0.442509
Q8TCW7-Q92752	0	0.271332
Q8TCW7-Q9HBL0	0	0.353814
Q8TCW7-Q68CZ2	0	0.209066
Q8TCW7-Q8IZW8	0	0.240260
Q8TCW7-Q16473	0	0.209879
Q8TCW7-Q6URK8	0	0.172331
Q8TCW7-P55072	1	0.712922
Q8TCW7-Q8NA31	0	0.157546
Q8TCW7-Q8NHR7	0	0.256636
Q8TCW7-P54274	0	0.304181
Q8TCW7-Q15554	0	0.229512
Q8TCW7-O14746	0	0.052093
Q8TCW7-Q15569	0	0.137563
Q8TCW7-Q96S53	0	0.428278
Q8TCW7-A2RU30	0	0.111212
Q8TCW7-Q9Y6M0	0	0.353688
Q8TCW7-Q9UGI8	0	0.139698
Q8TCW7-O43151	0	0.178057
Q8TCW7-Q96IP4	0	0.270571
Q8TCW7-Q96A09	0	0.161745
Q8TCW7-Q5VWP2	0	0.201026
Q8TCW7-Q8NEK8	0	0.190374
Q8TCW7-P05452	0	0.202987
Q8TCW7-Q9NXF1	0	0.207853
Q8TCW7-Q8IYF3	1	0.605436
Q8TCW7-Q9BXU0	0	0.290271
Q8TCW7-Q8IWB6	0	0.410874
Q8TCW7-Q8NA77	0	0.171393
Q8TCW7-C9J3V5	0	0.118514
Q8TCW7-Q8N6G2	0	0.157147
Q8TCW7-Q5JUR7	0	0.267542
Q8TCW7-O43247	0	0.215659
Q8TCW7-Q5T0J7	0	0.217599
Q8TCW7-Q5VZQ5	0	0.183743
Q8TCW7-Q96LM6	0	0.153054
Q8TCW7-Q6ZNM6	0	0.188391
Q8TCW7-Q53QW1	0	0.241846
Q8TCW7-Q8NA69	0	0.225225
Q8TCW7-H3BTG2	0	0.453540
Q8TCW7-Q8TBZ9	0	0.197982
Q8TCW7-A0A1B0GUV7	0	0.220797
Q8TCW7-A0A1B0GTD5	0	0.209756
Q8TCW7-A6NCN8	0	0.118947
Q8TCW7-A0A1B0GU33	0	0.119666
Q8TCW7-A0A1B0GVG6	0	0.129678
Q8TCW7-Q96M34	0	0.381392
Q8TCW7-Q8N6V9	0	0.204279
Q8TCW7-P52655	0	0.370793
Q8TCW7-Q9UNN4	0	0.479736
Q8TCW7-Q00403	0	0.398695
Q8TCW7-P32780	0	0.349274
Q8TCW7-Q13888	0	0.267783
Q8TCW7-Q13889	0	0.174689
Q8TCW7-Q92759	0	0.238057
Q8TCW7-Q6ZYL4	0	0.406770
Q8TCW7-Q9NZI6	0	0.287541
Q8TCW7-Q8IUE1	0	0.200241
Q8TCW7-Q8IUE0	0	0.212495
Q8TCW7-Q92664	0	0.131391
Q8TCW7-Q92994	0	0.247356
Q8TCW7-Q8WUA4	0	0.126764
Q8TCW7-Q9Y5Q9	1	0.595226
Q8TCW7-Q9UKN8	0	0.134921
Q8TCW7-Q9Y5Q8	0	0.399766
Q8TCW7-Q969F1	0	0.409818
Q8TCW7-Q04206	0	0.367741
Q8TCW7-Q9HCS4	0	0.150173
Q8TCW7-Q9NQB0	0	0.230897
Q8TCW7-Q00059	0	0.202087
Q8TCW7-Q01664	0	0.278361
Q8TCW7-Q8WVM0	0	0.266777
Q8TCW7-Q9H5Q4	0	0.288734
Q8TCW7-Q12800	0	0.429390
Q8TCW7-Q14186	0	0.350157
Q8TCW7-Q14188	0	0.184872
Q8TCW7-Q5H9I0	0	0.226279
Q8TCW7-P15923	0	0.211660
Q8TCW7-P19532	0	0.218342
Q8TCW7-P19484	0	0.261122
Q8TCW7-O14948	0	0.312380
Q8TCW7-P04155	0	0.264808
Q8TCW7-Q03403	0	0.237233
Q8TCW7-Q07654	0	0.305511
Q8TCW7-Q92734	1	0.526253
Q8TCW7-O95379	0	0.402791
Q8TCW7-Q9UBB9	0	0.392436
Q8TCW7-P10646	0	0.233171
Q8TCW7-P48307	0	0.177067
Q8TCW7-P0C1Z6	0	0.196580
Q8TCW7-O95455	0	0.375100
Q8TCW7-Q8WUH2	0	0.354782
Q8TCW7-P01137	1	0.512000
Q8TCW7-P61812	0	0.320796
Q8TCW7-P10600	0	0.385820
Q8TCW7-O43294	0	0.118925
Q8TCW7-Q15583	0	0.194177
Q8TCW7-Q9GZN2	0	0.193513
Q8TCW7-P22735	0	0.427115
Q8TCW7-P21980	1	0.540853
Q8TCW7-O95932	0	0.262071
Q8TCW7-Q08188	0	0.236597
Q8TCW7-P49221	0	0.142015
Q8TCW7-O43548	0	0.250769
Q8TCW7-Q96PF1	0	0.289630
Q8TCW7-Q9Y4F4	0	0.457148
Q8TCW7-Q6ZUX3	0	0.324221
Q8TCW7-Q96RS0	0	0.144421
Q8TCW7-Q9BXR0	0	0.390896
Q8TCW7-Q9P2Z0	0	0.216890
Q8TCW7-Q96EK4	0	0.226350
Q8TCW7-Q6YHU6	1	0.769577
Q8TCW7-Q9NVV9	0	0.201815
Q8TCW7-Q9H0W7	0	0.115229
Q8TCW7-Q8WTV1	0	0.204961
Q8TCW7-Q8WY91	1	0.717290
Q8TCW7-Q7Z6K1	0	0.138022
Q8TCW7-Q8TBB0	0	0.299001
Q8TCW7-Q9BT49	0	0.239833
Q8TCW7-Q8NA92	0	0.191664
Q8TCW7-Q9H5L6	0	0.101271
Q8TCW7-P10827	0	0.334830
Q8TCW7-P05543	0	0.214051
Q8TCW7-P10828	0	0.253295
Q8TCW7-P0DJG4	0	0.112213
Q8TCW7-Q9P2T0	0	0.186333
Q8TCW7-Q5T1C6	0	0.190506
Q8TCW7-Q8N1Q8	0	0.310714
Q8TCW7-Q8WUY1	1	0.861824
Q8TCW7-Q9NWX6	0	0.224255
Q8TCW7-Q9BWD1	0	0.248690
Q8TCW7-P09110	0	0.172022
Q8TCW7-P24752	1	0.529841
Q8TCW7-P42765	0	0.333397
Q8TCW7-Q99757	0	0.330551
Q8TCW7-P10599	0	0.351893
Q8TCW7-Q8N1K5	0	0.260498
Q8TCW7-Q5TEJ8	0	0.158109
Q8TCW7-Q8IYQ7	0	0.232427
Q8TCW7-Q86YJ6	0	0.220349
Q8TCW7-Q96FV9	0	0.194927
Q8TCW7-Q8NI27	1	0.620810
Q8TCW7-Q96J01	0	0.185735
Q8TCW7-Q86V81	0	0.317125
Q8TCW7-Q13769	0	0.211298
Q8TCW7-Q86W42	0	0.277267
Q8TCW7-Q6I9Y2	0	0.386425
Q8TCW7-P52888	0	0.333078
Q8TCW7-P00734	0	0.204298
Q8TCW7-Q92748	0	0.439047
Q8TCW7-Q6ZMP0	0	0.302760
Q8TCW7-A0A1W2PP97	0	0.308177
Q8TCW7-P25325	0	0.288737
Q8TCW7-Q9BU02	0	0.398996
Q8TCW7-Q16762	0	0.371115
Q8TCW7-Q9NXG2	0	0.197967
Q8TCW7-Q9BTF0	0	0.213611
Q8TCW7-Q9BV44	0	0.266440
Q8TCW7-P04216	0	0.322549
Q8TCW7-Q9P016	0	0.225122
Q8TCW7-P31483	0	0.208599
Q8TCW7-O95411	0	0.185119
Q8TCW7-Q13009	1	0.536673
Q8TCW7-Q8IVF5	0	0.141000
Q8TCW7-Q01085	0	0.222189
Q8TCW7-Q08629	1	0.501243
Q8TCW7-Q92563	0	0.344151
Q8TCW7-Q9BQ16	0	0.385130
Q8TCW7-Q7Z2Z1	0	0.155545
Q8TCW7-O15164	0	0.365425
Q8TCW7-Q13263	1	0.524793
Q8TCW7-Q6ZNK6	0	0.253767
Q8TCW7-Q96CG3	0	0.166075
Q8TCW7-Q9NQ88	0	0.261489
Q8TCW7-Q96MW7	0	0.414847
Q8TCW7-Q4W5G0	0	0.246729
Q8TCW7-Q6B0B8	0	0.211455
Q8TCW7-Q8IY51	0	0.405463
Q8TCW7-Q53EQ6	0	0.334178
Q8TCW7-Q17RP2	0	0.398279
Q8TCW7-Q6NT04	0	0.293057
Q8TCW7-Q86X45	0	0.200470
Q8TCW7-P62072	0	0.304964
Q8TCW7-Q9Y5L4	0	0.291412
Q8TCW7-Q9Y3D7	1	0.594486
Q8TCW7-O43615	0	0.441102
Q8TCW7-O60220	0	0.255280
Q8TCW7-Q9Y5J9	0	0.267491
Q8TCW7-Q9Y5J7	0	0.311404
Q8TCW7-P01033	0	0.142757
Q8TCW7-P16035	0	0.448481
Q8TCW7-P35625	0	0.245036
Q8TCW7-Q99727	0	0.261110
Q8TCW7-Q9UNS1	0	0.278917
Q8TCW7-Q9UJW2	0	0.312688
Q8TCW7-Q9GZM7	0	0.152377
Q8TCW7-Q9BSI4	0	0.445967
Q8TCW7-Q96A98	0	0.201529
Q8TCW7-Q9BVW5	0	0.327745
Q8TCW7-O75663	0	0.183298
Q8TCW7-P58753	0	0.208781
Q8TCW7-Q9BRJ7	0	0.279889
Q8TCW7-Q07352	0	0.198534
Q8TCW7-P47974	0	0.197359
Q8TCW7-Q5JTD0	0	0.309078
Q8TCW7-Q3LXA3	0	0.272920
Q8TCW7-P20366	1	0.515404
Q8TCW7-Q86UU9	0	0.316050
Q8TCW7-Q9UHF0	0	0.385222
Q8TCW7-P51854	0	0.147563
Q8TCW7-Q9H0I9	0	0.161122
Q8TCW7-P29401	0	0.308083
Q8TCW7-A0PJX2	0	0.133686
Q8TCW7-Q04724	0	0.370774
Q8TCW7-Q04725	0	0.172118
Q8TCW7-Q04726	0	0.246937
Q8TCW7-Q04727	0	0.275902
Q8TCW7-Q08117	0	0.293367
Q8TCW7-Q9H808	0	0.258065
Q8TCW7-A0A1W2PR48	0	0.167605
Q8TCW7-Q9UKI8	0	0.218551
Q8TCW7-Q86UE8	0	0.194806
Q8TCW7-O43897	0	0.486883
Q8TCW7-Q9Y6L7	0	0.263853
Q8TCW7-Q9H1K6	0	0.128621
Q8TCW7-Q9NZ63	0	0.311775
Q8TCW7-P31314	0	0.171317
Q8TCW7-O43763	0	0.176624
Q8TCW7-O43711	0	0.273463
Q8TCW7-P0CAT3	0	0.209434
Q8TCW7-Q8TBZ6	0	0.208256
Q8TCW7-Q6PF06	0	0.185752
Q8TCW7-Q7L0Y3	0	0.197629
Q8TCW7-Q8N616	0	0.232238
Q8TCW7-O75674	1	0.631438
Q8TCW7-Q6ZVM7	0	0.490563
Q8TCW7-Q96EY4	0	0.268073
Q8TCW7-Q9Y2S6	0	0.291882
Q8TCW7-Q6PL24	0	0.480985
Q8TCW7-P82094	0	0.438363
Q8TCW7-Q9NVH6	0	0.263482
Q8TCW7-P28289	0	0.347232
Q8TCW7-Q9NZR1	1	0.500324
Q8TCW7-Q9NYL9	0	0.459462
Q8TCW7-Q9NZQ9	0	0.404583
Q8TCW7-Q03169	0	0.248559
Q8TCW7-P21580	0	0.383514
Q8TCW7-O75888	0	0.305412
Q8TCW7-O95407	0	0.290980
Q8TCW7-P01374	0	0.377184
Q8TCW7-Q6ICL3	0	0.355757
Q8TCW7-Q59H18	0	0.221431
Q8TCW7-Q9UKE5	0	0.491327
Q8TCW7-Q15025	1	0.532566
Q8TCW7-Q8NFZ5	0	0.293764
Q8TCW7-Q96KP6	0	0.239339
Q8TCW7-Q13470	0	0.493297
Q8TCW7-O95271	1	0.658608
Q8TCW7-Q9H2K2	1	0.775777
Q8TCW7-P63316	1	0.705489
Q8TCW7-P02585	0	0.478485
Q8TCW7-P19237	0	0.184162
Q8TCW7-P48788	0	0.214649
Q8TCW7-P19429	0	0.266824
Q8TCW7-P13805	0	0.171128
Q8TCW7-P45379	0	0.332897
Q8TCW7-P45378	0	0.214003
Q8TCW7-Q92973	1	0.536198
Q8TCW7-O14787	1	0.545697
Q8TCW7-Q9Y5L0	1	0.763023
Q8TCW7-Q8NDV7	1	0.529439
Q8TCW7-Q9UPQ9	0	0.171525
Q8TCW7-Q9HCJ0	0	0.371265
Q8TCW7-Q63HR2	1	0.678336
Q8TCW7-Q7Z2V1	0	0.177925
Q8TCW7-Q8N6T0	0	0.412936
Q8TCW7-P50616	0	0.319112
Q8TCW7-Q14106	0	0.266212
Q8TCW7-Q96GM8	0	0.412065
Q8TCW7-Q9H0E2	0	0.442954
Q8TCW7-O60784	0	0.491952
Q8TCW7-Q15785	0	0.475519
Q8TCW7-Q96B49	0	0.340657
Q8TCW7-Q96HA7	0	0.240583
Q8TCW7-Q969P6	0	0.178090
Q8TCW7-P11387	0	0.292350
Q8TCW7-P11388	1	0.591333
Q8TCW7-Q02880	0	0.374271
Q8TCW7-Q13472	0	0.401275
Q8TCW7-O95985	0	0.196630
Q8TCW7-Q92547	0	0.251816
Q8TCW7-Q96KB5	0	0.434506
Q8TCW7-Q9NS56	0	0.100155
Q8TCW7-Q8N9V7	0	0.117250
Q8TCW7-O14656	1	0.666713
Q8TCW7-O14657	1	0.581636
Q8TCW7-Q5JU69	0	0.210563
Q8TCW7-Q8N2E6	0	0.228674
Q8TCW7-Q9H497	0	0.287165
Q8TCW7-Q96NM4	0	0.144511
Q8TCW7-O15405	0	0.205029
Q8TCW7-O94842	0	0.287434
Q8TCW7-O94900	0	0.266021
Q8TCW7-Q93096	0	0.351658
Q8TCW7-Q12974	0	0.270826
Q8TCW7-O75365	0	0.440947
Q8TCW7-Q8TEL6	0	0.203166
Q8TCW7-Q12888	1	0.542474
Q8TCW7-Q8WVP5	0	0.303241
Q8TCW7-Q6P589	0	0.221587
Q8TCW7-Q5GJ75	0	0.314201
Q8TCW7-P00750	0	0.354296
Q8TCW7-P48553	0	0.131148
Q8TCW7-Q7Z392	0	0.367082
Q8TCW7-Q8WVT3	0	0.209594
Q8TCW7-A5PLN9	0	0.129494
Q8TCW7-P0DI81	0	0.246921
Q8TCW7-P0DI82	0	0.246921
Q8TCW7-Q9UL33	0	0.376880
Q8TCW7-Q5T215	0	0.281287
Q8TCW7-O75865	0	0.213978
Q8TCW7-Q86SZ2	0	0.210226
Q8TCW7-P55327	0	0.413618
Q8TCW7-Q16890	0	0.314009
Q8TCW7-O43399	0	0.306906
Q8TCW7-Q96J77	0	0.366781
Q8TCW7-Q6ZTW0	0	0.313940
Q8TCW7-Q68CL5	0	0.255709
Q8TCW7-P17752	0	0.305923
Q8TCW7-Q8IWU9	0	0.386415
Q8TCW7-Q9HCN2	0	0.132714
Q8TCW7-P60174	0	0.310111
Q8TCW7-Q9H3S4	0	0.235266
Q8TCW7-P09493	1	0.536297
Q8TCW7-P07951	1	0.677011
Q8TCW7-P06753	1	0.571097
Q8TCW7-P67936	0	0.460645
Q8TCW7-P51580	0	0.226379
Q8TCW7-P40225	0	0.346637
Q8TCW7-O14773	0	0.150988
Q8TCW7-P29144	0	0.408285
Q8TCW7-Q9Y5R8	0	0.208550
Q8TCW7-O43617	0	0.377223
Q8TCW7-Q9Y296	0	0.277826
Q8TCW7-Q8IUR0	0	0.257199
Q8TCW7-Q9Y2L5	0	0.386826
Q8TCW7-Q96Q05	0	0.275547
Q8TCW7-P59282	0	0.335948
Q8TCW7-Q9BW30	0	0.286443
Q8TCW7-O94811	0	0.259803
Q8TCW7-Q6ZUI0	0	0.465123
Q8TCW7-Q5T0D9	0	0.394342
Q8TCW7-Q9Y3C4	0	0.283117
Q8TCW7-Q4KMQ1	0	0.139211
Q8TCW7-Q8N7U7	0	0.167262
Q8TCW7-Q17RH7	0	0.170270
Q8TCW7-Q56UQ5	0	0.284278
Q8TCW7-Q5T6R2	0	0.122799
Q8TCW7-Q9ULW0	0	0.221474
Q8TCW7-O14798	1	0.802233
Q8TCW7-Q9UI30	0	0.235299
Q8TCW7-O00300	0	0.179415
Q8TCW7-Q9Y2W1	0	0.246640
Q8TCW7-Q309B1	0	0.267244
Q8TCW7-Q6F5E7	0	0.152320
Q8TCW7-A6NCK2	0	0.112568
Q8TCW7-A6NDI0	0	0.135966
Q8TCW7-P0CI26	0	0.145327
Q8TCW7-C9J1S8	0	0.138925
Q8TCW7-A6NMA1	1	0.688683
Q8TCW7-Q9BVS5	0	0.295842
Q8TCW7-A6NI03	0	0.121365
Q8TCW7-A6NLI5	0	0.139786
Q8TCW7-Q13595	0	0.266735
Q8TCW7-P62995	0	0.198734
Q8TCW7-Q9H4I3	0	0.366816
Q8TCW7-O14545	0	0.339509
Q8TCW7-Q15628	1	0.593180
Q8TCW7-Q13077	0	0.362614
Q8TCW7-Q12933	1	0.673549
Q8TCW7-Q13114	1	0.528519
Q8TCW7-Q9BUZ4	0	0.155919
Q8TCW7-O00463	0	0.493269
Q8TCW7-Q9Y4K3	1	0.732324
Q8TCW7-Q6Q0C0	0	0.239866
Q8TCW7-Q9BWF2	0	0.098173
Q8TCW7-Q9UPV9	0	0.310357
Q8TCW7-O60296	0	0.433227
Q8TCW7-Q12931	0	0.499561
Q8TCW7-Q15633	0	0.197335
Q8TCW7-Q6ZNB5	0	0.191020
Q8TCW7-O14717	0	0.299500
Q8TCW7-A0A1B0GX56	0	0.181207
Q8TCW7-A0JD36	0	0.227898
Q8TCW7-A0JD37	0	0.172506
Q8TCW7-O43280	0	0.163255
Q8TCW7-Q96PN7	0	0.336379
Q8TCW7-Q9NSU2	1	0.501627
Q8TCW7-Q9BQ50	0	0.235286
Q8TCW7-P02787	1	0.631668
Q8TCW7-P02788	1	0.653327
Q8TCW7-P08582	0	0.328753
Q8TCW7-A0A0A0MS02	0	0.202382
Q8TCW7-A0A075B6R0	0	0.247437
Q8TCW7-P03979	0	0.218422
Q8TCW7-A0A0C4DH28	0	0.264147
Q8TCW7-A0A0B4J1U4	0	0.242715
Q8TCW7-A0A0C4DH27	0	0.296694
Q8TCW7-Q99603	0	0.177768
Q8TCW7-Q07283	0	0.001485
Q8TCW7-P20396	0	0.191501
Q8TCW7-Q9UDY6	0	0.262654
Q8TCW7-Q96F44	0	0.321384
Q8TCW7-Q14142	0	0.340362
Q8TCW7-Q9C019	0	0.299900
Q8TCW7-O95361	0	0.302409
Q8TCW7-Q9Y577	0	0.186940
Q8TCW7-O15344	0	0.298640
Q8TCW7-Q8IYM9	0	0.120928
Q8TCW7-P36406	0	0.354621
Q8TCW7-Q14258	0	0.434275
Q8TCW7-Q12899	0	0.164035
Q8TCW7-P14373	0	0.197858
Q8TCW7-Q14134	0	0.299247
Q8TCW7-Q9BZY9	0	0.192807
Q8TCW7-Q13049	0	0.438077
Q8TCW7-Q9UPN9	0	0.232287
Q8TCW7-Q9BYJ4	0	0.051768
Q8TCW7-Q9UPQ4	0	0.155542
Q8TCW7-Q9NQ86	0	0.473130
Q8TCW7-O94972	0	0.443143
Q8TCW7-O00635	0	0.231752
Q8TCW7-Q9HCM9	0	0.247243
Q8TCW7-Q6P9F5	0	0.235363
Q8TCW7-Q8WV44	0	0.316300
Q8TCW7-Q8IWZ5	0	0.468240
Q8TCW7-Q96BQ3	0	0.119150
Q8TCW7-Q96DX7	1	0.517567
Q8TCW7-Q9H8W5	0	0.201309
Q8TCW7-Q7Z4K8	0	0.227381
Q8TCW7-Q96LD4	0	0.175067
Q8TCW7-Q8IWZ4	0	0.187657
Q8TCW7-P0CI25	0	0.151611
Q8TCW7-Q86XT4	0	0.170005
Q8TCW7-Q9BSJ1	0	0.247895
Q8TCW7-Q96A61	0	0.252147
Q8TCW7-Q9BYV2	1	0.610754
Q8TCW7-Q9BYV6	0	0.288199
Q8TCW7-Q9BRZ2	0	0.159360
Q8TCW7-Q8NG06	0	0.182284
Q8TCW7-Q495X7	0	0.118964
Q8TCW7-Q5EBN2	0	0.152491
Q8TCW7-Q9BVG3	0	0.345006
Q8TCW7-Q969Q1	1	0.503829
Q8TCW7-A6NGJ6	0	0.139672
Q8TCW7-Q6PJ69	0	0.241033
Q8TCW7-O15016	0	0.071885
Q8TCW7-Q6ZTA4	0	0.119137
Q8TCW7-Q6AZZ1	0	0.314263
Q8TCW7-Q86WT6	0	0.278652
Q8TCW7-Q6ZMU5	0	0.227992
Q8TCW7-Q86UV7	0	0.218375
Q8TCW7-Q86UV6	0	0.222295
Q8TCW7-A6NK02	0	0.367367
Q8TCW7-I1YAP6	0	0.098609
Q8TCW7-O43715	0	0.478205
Q8TCW7-Q96RU8	0	0.186102
Q8TCW7-Q92519	0	0.287539
Q8TCW7-Q96RU7	0	0.215798
Q8TCW7-Q9UJV3	0	0.415623
Q8TCW7-Q9C040	1	0.616161
Q8TCW7-O75382	0	0.487346
Q8TCW7-Q9C037	0	0.076332
Q8TCW7-Q9C035	0	0.134067
Q8TCW7-Q9C030	0	0.058967
Q8TCW7-Q9C029	0	0.262304
Q8TCW7-Q9BZR9	0	0.185745
Q8TCW7-Q9C026	0	0.184594
Q8TCW7-Q8N9V2	0	0.245107
Q8TCW7-Q8N7C3	0	0.423323
Q8TCW7-Q15650	0	0.269042
Q8TCW7-Q15654	0	0.396822
Q8TCW7-Q15643	0	0.464937
Q8TCW7-Q14669	0	0.143833
Q8TCW7-Q9BQ61	0	0.210311
Q8TCW7-Q7Z4G4	0	0.288063
Q8TCW7-Q9NUP7	0	0.167042
Q8TCW7-Q7Z2T5	0	0.247229
Q8TCW7-Q9NXH9	0	0.327901
Q8TCW7-Q8IZ69	0	0.221521
Q8TCW7-Q96GJ1	0	0.156701
Q8TCW7-Q8IYL2	0	0.113935
Q8TCW7-Q32P41	0	0.244999
Q8TCW7-Q96FX7	0	0.233376
Q8TCW7-Q9UJA5	0	0.176120
Q8TCW7-Q9UET6	0	0.272155
Q8TCW7-Q9P272	0	0.203676
Q8TCW7-Q9UBP6	0	0.186501
Q8TCW7-Q6UXN2	0	0.184584
Q8TCW7-Q9BU70	0	0.227663
Q8TCW7-Q6NT89	0	0.091037
Q8TCW7-Q96Q11	0	0.361821
Q8TCW7-Q12815	0	0.151025
Q8TCW7-Q12816	0	0.129251
Q8TCW7-Q9UHF7	0	0.174234
Q8TCW7-Q86TN4	0	0.148114
Q8TCW7-Q9Y606	0	0.329441
Q8TCW7-Q8WWH5	0	0.346281
Q8TCW7-O95900	0	0.266093
Q8TCW7-P07477	0	0.287850
Q8TCW7-P07478	0	0.377357
Q8TCW7-P35030	0	0.157052
Q8TCW7-Q8NHM4	0	0.292080
Q8TCW7-Q15661	0	0.312190
Q8TCW7-P20231	0	0.312190
Q8TCW7-Q9BZJ3	0	0.396170
Q8TCW7-Q99816	0	0.445375
Q8TCW7-Q96A04	0	0.218279
Q8TCW7-Q9NX07	0	0.406344
Q8TCW7-P59090	0	0.194717
Q8TCW7-Q92574	0	0.338737
Q8TCW7-P49815	0	0.417203
Q8TCW7-Q8WU66	0	0.253631
Q8TCW7-Q9BZW7	0	0.252558
Q8TCW7-Q96PP4	0	0.218767
Q8TCW7-P98066	0	0.492775
Q8TCW7-Q6ZSZ6	0	0.058108
Q8TCW7-Q9NRE2	0	0.078534
Q8TCW7-Q63HK5	0	0.089810
Q8TCW7-P01222	0	0.219311
Q8TCW7-Q9UJT2	0	0.185858
Q8TCW7-Q8WUA8	0	0.213268
Q8TCW7-Q969D9	1	0.604158
Q8TCW7-Q99598	0	0.439000
Q8TCW7-Q15631	0	0.347583
Q8TCW7-P07996	1	0.581845
Q8TCW7-P35442	1	0.644430
Q8TCW7-P49746	0	0.358514
Q8TCW7-P35443	0	0.417976
Q8TCW7-Q9UI38	0	0.199949
Q8TCW7-B1AH88	0	0.150885
Q8TCW7-Q01534	0	0.140165
Q8TCW7-A6NKD2	0	0.118964
Q8TCW7-P0CV98	0	0.139550
Q8TCW7-P0CV99	0	0.137651
Q8TCW7-P0CW00	0	0.126457
Q8TCW7-P0CW01	0	0.139550
Q8TCW7-Q2NL82	0	0.296179
Q8TCW7-Q969E8	0	0.455301
Q8TCW7-Q9UJK0	0	0.144681
Q8TCW7-Q9Y5U2	0	0.224754
Q8TCW7-Q9BXA7	0	0.348945
Q8TCW7-Q96PF2	0	0.371035
Q8TCW7-Q96PN8	0	0.330679
Q8TCW7-Q6SA08	0	0.235588
Q8TCW7-Q9BXA6	0	0.353582
Q8TCW7-Q9NQE7	0	0.346437
Q8TCW7-Q8NFU3	0	0.173507
Q8TCW7-Q5T7W7	0	0.189520
Q8TCW7-H0UI37	0	0.359516
Q8TCW7-Q9H489	0	0.099898
Q8TCW7-Q9H0U9	0	0.150509
Q8TCW7-Q9H2G4	0	0.363492
Q8TCW7-Q9UJ04	0	0.132206
Q8TCW7-Q86VY4	0	0.086167
Q8TCW7-Q8N831	0	0.135274
Q8TCW7-Q8NDW8	0	0.469677
Q8TCW7-Q7Z4L5	1	0.572629
Q8TCW7-Q6PF05	0	0.270924
Q8TCW7-Q86WT1	1	0.623962
Q8TCW7-Q8N4P2	1	0.630225
Q8TCW7-Q5SRH9	0	0.308650
Q8TCW7-Q5VTQ0	0	0.187201
Q8TCW7-Q8N584	0	0.395112
Q8TCW7-Q5TCY1	0	0.183691
Q8TCW7-Q6IQ55	1	0.502369
Q8TCW7-Q9H892	0	0.331700
Q8TCW7-Q8NBP0	1	0.754368
Q8TCW7-Q96N46	0	0.375751
Q8TCW7-Q8NEE8	1	0.526968
Q8TCW7-Q96AE7	1	0.675649
Q8TCW7-Q6DKK2	1	0.688943
Q8TCW7-Q99614	0	0.244583
Q8TCW7-Q5TAA0	0	0.252088
Q8TCW7-Q5W5X9	0	0.248359
Q8TCW7-A2A3L6	0	0.256660
Q8TCW7-Q96NG3	0	0.329514
Q8TCW7-Q6P3X3	0	0.265739
Q8TCW7-Q8NA56	0	0.441711
Q8TCW7-Q49AM3	0	0.204244
Q8TCW7-Q5I0X7	0	0.326357
Q8TCW7-Q6PID6	0	0.312346
Q8TCW7-A8MYJ7	0	0.231458
Q8TCW7-A6NLP5	0	0.227035
Q8TCW7-Q6PGP7	1	0.665399
Q8TCW7-Q5R3I4	0	0.326018
Q8TCW7-Q6P2S7	0	0.158102
Q8TCW7-O95801	0	0.348499
Q8TCW7-Q8N0Z6	0	0.328502
Q8TCW7-Q86TZ1	0	0.398596
Q8TCW7-Q9ULT0	0	0.392659
Q8TCW7-Q86TV6	0	0.423732
Q8TCW7-Q8TAM2	0	0.337929
Q8TCW7-Q92623	0	0.197422
Q8TCW7-Q8N6N2	0	0.281660
Q8TCW7-Q8N5M4	0	0.170535
Q8TCW7-Q15361	0	0.185407
Q8TCW7-Q9UNY4	0	0.227285
Q8TCW7-P02766	0	0.308444
Q8TCW7-O43156	1	0.708024
Q8TCW7-Q6NXR4	0	0.272195
Q8TCW7-P33981	0	0.486166
Q8TCW7-Q6ZVT0	0	0.126166
Q8TCW7-Q8NHH1	0	0.138137
Q8TCW7-Q14166	0	0.233138
Q8TCW7-A6NNM8	0	0.103854
Q8TCW7-O95922	0	0.191061
Q8TCW7-Q9BWV7	0	0.131216
Q8TCW7-Q9Y4R7	0	0.160405
Q8TCW7-Q14679	0	0.109235
Q8TCW7-Q6EMB2	0	0.203636
Q8TCW7-Q8N841	0	0.080788
Q8TCW7-Q6ZT98	0	0.094477
Q8TCW7-A6PVC2	0	0.276992
Q8TCW7-Q3SXZ7	0	0.153586
Q8TCW7-Q8NG68	0	0.192144
Q8TCW7-Q9BTX7	0	0.364492
Q8TCW7-P49638	0	0.252787
Q8TCW7-P26651	0	0.119582
Q8TCW7-Q9BZA0	0	0.184791
Q8TCW7-Q9BZ98	0	0.155276
Q8TCW7-P50607	0	0.168754
Q8TCW7-Q9NNX1	0	0.441549
Q8TCW7-O00294	0	0.172256
Q8TCW7-O00295	0	0.255180
Q8TCW7-O75386	0	0.268063
Q8TCW7-Q9NRJ4	0	0.186063
Q8TCW7-Q2TAM9	0	0.187720
Q8TCW7-O75896	0	0.272669
Q8TCW7-Q5TAX3	0	0.176566
Q8TCW7-Q5VYS8	0	0.236927
Q8TCW7-A0A0B4J264	0	0.219631
Q8TCW7-A0JD32	0	0.170152
Q8TCW7-A0A0B4J240	0	0.160120
Q8TCW7-A0A0B4J248	0	0.197547
Q8TCW7-A0A0B4J238	0	0.186284
Q8TCW7-A0A0A6YYC5	0	0.122298
Q8TCW7-A0A0A6YYK6	0	0.195832
Q8TCW7-A0A0B4J275	0	0.140062
Q8TCW7-A0A075B6X5	0	0.118380
Q8TCW7-A0A0A6YYK7	0	0.295852
Q8TCW7-A0A0B4J274	0	0.099832
Q8TCW7-A0A0B4J279	0	0.178216
Q8TCW7-A0A0B4J277	0	0.198834
Q8TCW7-A0A075B6W5	0	0.115579
Q8TCW7-A0A0B4J272	0	0.191498
Q8TCW7-A0A0B4J276	0	0.231960
Q8TCW7-A0A087WT01	0	0.218853
Q8TCW7-P04437	0	0.189135
Q8TCW7-A0A0B4J234	0	0.245519
Q8TCW7-A0A087WSZ9	0	0.165335
Q8TCW7-A0A0B4J273	0	0.180624
Q8TCW7-P0DPF4	0	0.135481
Q8TCW7-A0A075B6V5	0	0.210476
Q8TCW7-A0A0B4J263	0	0.226213
Q8TCW7-A0A0B4J244	0	0.135431
Q8TCW7-A0A0B4J280	0	0.309601
Q8TCW7-A0A0B4J266	0	0.163430
Q8TCW7-A0A0B4J268	0	0.248597
Q8TCW7-A0A0B4J249	0	0.168888
Q8TCW7-A0A075B6T7	0	0.207365
Q8TCW7-A0A075B6U4	0	0.163558
Q8TCW7-A0A0A6YYK1	0	0.337715
Q8TCW7-A0A0B4J237	0	0.286592
Q8TCW7-A0A0A6YYJ7	0	0.200884
Q8TCW7-P01737	0	0.327000
Q8TCW7-A0A0B4J262	0	0.256942
Q8TCW7-A0A075B6T8	0	0.124226
Q8TCW7-A0A087WT02	0	0.168081
Q8TCW7-A0A0B4J245	0	0.173974
Q8TCW7-A0A075B6T6	0	0.134999
Q8TCW7-A0A0B4J271	0	0.172937
Q8TCW7-A0A0B4J241	0	0.130754
Q8TCW7-A0A0B4J235	0	0.163881
Q8TCW7-A0A087WT03	0	0.178990
Q8TCW7-A0A0B4J265	0	0.183856
Q8TCW7-A0A0A6YYD4	0	0.213852
Q8TCW7-A0A5B0	0	0.214247
Q8TCW7-A0A087WV62	0	0.161833
Q8TCW7-A0A087X0K7	0	0.163416
Q8TCW7-A0A087X0M5	0	0.141122
Q8TCW7-A0A075B6N1	0	0.195919
Q8TCW7-A0A0A0MS06	0	0.162652
Q8TCW7-A0A0K0K1C4	0	0.189651
Q8TCW7-A0A5B6	0	0.268454
Q8TCW7-A0A5B7	0	0.301913
Q8TCW7-A0A1B0GX68	0	0.196252
Q8TCW7-A0A0K0K1B3	0	0.161547
Q8TCW7-A0A576	0	0.129753
Q8TCW7-A0A577	0	0.126067
Q8TCW7-A0A539	0	0.122258
Q8TCW7-A0A589	0	0.127442
Q8TCW7-A0A578	0	0.145972
Q8TCW7-A0A0A0MS03	0	0.159159
Q8TCW7-A0A0C4DH59	0	0.149160
Q8TCW7-A0A597	0	0.148007
Q8TCW7-A0A599	0	0.181591
Q8TCW7-A0A0A0MS05	0	0.156674
Q8TCW7-A0A5A2	0	0.117846
Q8TCW7-A0A0K0K1D8	0	0.141361
Q8TCW7-A0A0J9YXY3	0	0.142518
Q8TCW7-P0DPF7	0	0.142518
Q8TCW7-A0A1B0GX49	0	0.133583
Q8TCW7-A0A0K0K1A5	0	0.168349
Q8TCW7-A0A0A6YYG2	0	0.168214
Q8TCW7-A0A0A0MS04	0	0.164820
Q8TCW7-A0A0A6YYG3	0	0.143631
Q8TCW7-A0A0J9YX75	0	0.163619
Q8TCW7-A0A0A6YYK4	0	0.117001
Q8TCW7-A0A1B0GXF2	0	0.117746
Q8TCW7-A0A075B6L6	0	0.115447
Q8TCW7-A0A1B0GX95	0	0.115014
Q8TCW7-A0A1B0GX31	0	0.136382
Q8TCW7-A0A0K0K1E9	0	0.148296
Q8TCW7-A0A1B0GX51	0	0.122267
Q8TCW7-P04435	0	0.114218
Q8TCW7-A0A0B4J1U6	0	0.176844
Q8TCW7-A0A0K0K1A3	0	0.168399
Q8TCW7-A0A0K0K1G8	0	0.193179
Q8TCW7-A0A0K0K1G6	0	0.199919
Q8TCW7-A0A0K0K1C0	0	0.126683
Q8TCW7-A0A584	0	0.149243
Q8TCW7-A0A5A6	0	0.231547
Q8TCW7-P01733	0	0.124808
Q8TCW7-A0A0B4J2E0	0	0.148267
Q8TCW7-A0A1B0GX78	0	0.163837
Q8TCW7-A0A075B6N2	0	0.223171
Q8TCW7-A0A075B6N3	0	0.154417
Q8TCW7-A0A075B6N4	0	0.291458
Q8TCW7-A0A0A0MS01	0	0.225192
Q8TCW7-A0A075B6L2	0	0.301077
Q8TCW7-Q12792	0	0.202596
Q8TCW7-Q6IBS0	0	0.252063
Q8TCW7-Q9GZX9	0	0.436982
Q8TCW7-Q15672	0	0.139049
Q8TCW7-Q8WVJ9	0	0.236013
Q8TCW7-Q9BY14	1	0.736583
Q8TCW7-Q9BXU3	0	0.245291
Q8TCW7-Q9BXU2	0	0.230320
Q8TCW7-A0A0J9YWL9	0	0.104115
Q8TCW7-A0A0J9YY54	0	0.171684
Q8TCW7-O14907	0	0.323534
Q8TCW7-O95881	0	0.402078
Q8TCW7-Q9P2K2	0	0.355848
Q8TCW7-Q9BRA2	0	0.233089
Q8TCW7-Q2TAA8	0	0.377880
Q8TCW7-P42681	0	0.440228
Q8TCW7-P40222	0	0.156897
Q8TCW7-Q8N3L3	0	0.150275
Q8TCW7-Q9NUQ3	0	0.233074
Q8TCW7-P83876	0	0.389203
Q8TCW7-Q9NX01	0	0.319194
Q8TCW7-Q86VQ3	0	0.176387
Q8TCW7-Q8N427	0	0.485540
Q8TCW7-Q8NBS9	0	0.333331
Q8TCW7-Q86XW9	0	0.315097
Q8TCW7-Q6A555	0	0.210688
Q8TCW7-O14530	0	0.239133
Q8TCW7-Q9BZA5	0	0.194949
Q8TCW7-Q9H3M7	0	0.371032
Q8TCW7-O43396	0	0.323259
Q8TCW7-P07101	0	0.335222
Q8TCW7-Q9NUW8	0	0.224184
Q8TCW7-O95551	0	0.338248
Q8TCW7-P29597	1	0.555882
Q8TCW7-Q8TAI1	0	0.149414
Q8TCW7-P19971	0	0.159649
Q8TCW7-Q2T9J0	0	0.050693
Q8TCW7-P04818	0	0.253147
Q8TCW7-Q6NUM6	1	0.746323
Q8TCW7-Q9NV66	1	0.700135
Q8TCW7-Q53H54	0	0.191680
Q8TCW7-Q6IPR3	0	0.314735
Q8TCW7-O60294	0	0.278345
Q8TCW7-A2RUC4	0	0.253600
Q8TCW7-P25490	0	0.324390
Q8TCW7-O15391	0	0.314759
Q8TCW7-P10074	0	0.208484
Q8TCW7-Q13432	0	0.213918
Q8TCW7-A6NIH7	0	0.252266
Q8TCW7-Q7RTZ2	0	0.103329
Q8TCW7-Q6R6M4	0	0.082315
Q8TCW7-A6NCW0	0	0.102837
Q8TCW7-A6NCW7	0	0.106727
Q8TCW7-A8MUK1	0	0.069546
Q8TCW7-Q6QN14	0	0.150410
Q8TCW7-P0C7H9	0	0.105800
Q8TCW7-P0C7I0	0	0.087832
Q8TCW7-C9JJH3	0	0.082067
Q8TCW7-C9JVI0	0	0.069118
Q8TCW7-C9JLJ4	0	0.072737
Q8TCW7-C9J2P7	0	0.062110
Q8TCW7-D6RBQ6	0	0.067820
Q8TCW7-D6R9N7	0	0.066582
Q8TCW7-D6RCP7	0	0.067590
Q8TCW7-D6RJB6	0	0.070169
Q8TCW7-D6R901	0	0.074302
Q8TCW7-D6RA61	0	0.069119
Q8TCW7-D6RBM5	0	0.129137
Q8TCW7-Q0WX57	0	0.070929
Q8TCW7-Q16560	0	0.278915
Q8TCW7-Q01081	0	0.145227
Q8TCW7-P26368	0	0.305059
Q8TCW7-Q8WU68	0	0.158383
Q8TCW7-P0DN76	0	0.145227
Q8TCW7-Q15695	0	0.137421
Q8TCW7-Q15696	0	0.188500
Q8TCW7-Q8IWF7	0	0.237341
Q8TCW7-H0YL09	0	0.191191
Q8TCW7-A1L167	0	0.330082
Q8TCW7-O43818	0	0.173900
Q8TCW7-Q15029	1	0.543898
Q8TCW7-A6NN06	0	0.097060
Q8TCW7-Q5VV11	0	0.115168
Q8TCW7-Q5XG85	0	0.106906
Q8TCW7-Q86TS7	0	0.389703
Q8TCW7-Q9BZF9	0	0.390485
Q8TCW7-Q3KQV9	0	0.287401
Q8TCW7-Q16222	0	0.331402
Q8TCW7-P51668	0	0.262542
Q8TCW7-P62837	0	0.359585
Q8TCW7-P61077	0	0.355966
Q8TCW7-Q9Y2X8	0	0.327893
Q8TCW7-P51965	0	0.247988
Q8TCW7-Q96LR5	0	0.208707
Q8TCW7-Q969T4	0	0.213202
Q8TCW7-P62253	0	0.182550
Q8TCW7-P60604	0	0.400588
Q8TCW7-P68036	0	0.272679
Q8TCW7-A0A1B0GUS4	0	0.266999
Q8TCW7-O14933	0	0.219582
Q8TCW7-Q7Z7E8	0	0.340089
Q8TCW7-Q8WVN8	0	0.309246
Q8TCW7-P49427	0	0.328918
Q8TCW7-Q712K3	0	0.361831
Q8TCW7-Q13404	0	0.360202
Q8TCW7-Q15819	0	0.285783
Q8TCW7-F5GYI3	0	0.198789
Q8TCW7-P22314	1	0.810242
Q8TCW7-Q8TBC4	0	0.270956
Q8TCW7-Q9GZZ9	1	0.544159
Q8TCW7-A0AVT1	0	0.364290
Q8TCW7-P41226	0	0.400552
Q8TCW7-Q9BSL1	0	0.364107
Q8TCW7-Q8TB05	0	0.209391
Q8TCW7-Q8IYN6	0	0.199087
Q8TCW7-Q9NZ09	0	0.180779
Q8TCW7-Q5T6F2	0	0.222200
Q8TCW7-P0CG47	1	0.732124
Q8TCW7-P61081	0	0.236447
Q8TCW7-P63279	1	0.503549
Q8TCW7-Q8WVY7	0	0.245432
Q8TCW7-P0CG48	1	0.995577
Q8TCW7-O15205	0	0.213791
Q8TCW7-P49459	0	0.347091
Q8TCW7-P63146	0	0.350611
Q8TCW7-O00762	0	0.286417
Q8TCW7-Q969M7	0	0.277073
Q8TCW7-P62256	1	0.595491
Q8TCW7-P61086	0	0.408972
Q8TCW7-P61088	0	0.480910
Q8TCW7-Q9C0C9	0	0.446281
Q8TCW7-Q16763	0	0.317803
Q8TCW7-Q9NPD8	0	0.318631
Q8TCW7-Q5VVX9	0	0.459734
Q8TCW7-Q96B02	0	0.348277
Q8TCW7-Q9H832	0	0.373409
Q8TCW7-Q05086	1	0.652546
Q8TCW7-Q7Z3V4	0	0.161897
Q8TCW7-Q15386	0	0.453308
Q8TCW7-Q7Z6J8	0	0.189304
Q8TCW7-Q14139	0	0.404400
Q8TCW7-O95155	1	0.502722
Q8TCW7-P17480	0	0.181030
Q8TCW7-O14562	0	0.283456
Q8TCW7-P0CB47	0	0.302557
Q8TCW7-P0CB48	0	0.206255
Q8TCW7-A6NDN8	0	0.226493
Q8TCW7-P35544	0	0.301721
Q8TCW7-Q9NZI7	0	0.380757
Q8TCW7-O95164	0	0.191777
Q8TCW7-P11441	0	0.279379
Q8TCW7-Q8N7F7	0	0.193745
Q8TCW7-Q9BZL1	0	0.409225
Q8TCW7-Q96S82	0	0.304237
Q8TCW7-Q9NPG3	0	0.162668
Q8TCW7-Q6ZU65	0	0.096843
Q8TCW7-Q14694	0	0.238353
Q8TCW7-P51784	1	0.530397
Q8TCW7-O75317	0	0.253102
Q8TCW7-Q92995	0	0.400244
Q8TCW7-P54578	0	0.216908
Q8TCW7-Q9Y4E8	1	0.541681
Q8TCW7-Q9Y5T5	0	0.181541
Q8TCW7-Q9UMW8	0	0.195768
Q8TCW7-O94782	0	0.362223
Q8TCW7-Q9Y2K6	0	0.165246
Q8TCW7-Q9UK80	0	0.132414
Q8TCW7-Q9UPT9	0	0.331300
Q8TCW7-Q9UHP3	0	0.453309
Q8TCW7-Q9BXU7	0	0.188246
Q8TCW7-A6NNY8	0	0.234904
Q8TCW7-Q96RU2	0	0.298222
Q8TCW7-Q9HBJ7	0	0.249699
Q8TCW7-Q14157	1	0.506247
Q8TCW7-O75604	0	0.203089
Q8TCW7-Q70CQ4	0	0.101284
Q8TCW7-Q8NFA0	1	0.558570
Q8TCW7-Q8TEY7	0	0.248775
Q8TCW7-Q9P2H5	0	0.478317
Q8TCW7-Q9P275	0	0.102997
Q8TCW7-Q86T82	0	0.351918
Q8TCW7-Q8NB14	0	0.332716
Q8TCW7-Q9Y6I4	0	0.163634
Q8TCW7-Q9NVE5	0	0.255460
Q8TCW7-Q3LFD5	0	0.168768
Q8TCW7-Q9H9J4	0	0.090226
Q8TCW7-Q70EL4	0	0.061243
Q8TCW7-Q9H0E7	0	0.110790
Q8TCW7-Q70EL2	0	0.217328
Q8TCW7-P62068	0	0.239326
Q8TCW7-Q96K76	1	0.554428
Q8TCW7-Q86UV5	0	0.301637
Q8TCW7-Q70CQ1	0	0.203957
Q8TCW7-Q13107	0	0.381039
Q8TCW7-Q70EL3	0	0.243760
Q8TCW7-Q70EK9	0	0.094924
Q8TCW7-Q70EK8	0	0.128199
Q8TCW7-Q70EL1	0	0.288021
Q8TCW7-P45974	0	0.324747
Q8TCW7-P35125	0	0.305828
Q8TCW7-Q93009	1	0.639328
Q8TCW7-P40818	0	0.469960
Q8TCW7-Q9UMX0	1	0.929898
Q8TCW7-Q9UHD9	1	0.879763
Q8TCW7-Q9H347	1	0.724307
Q8TCW7-Q9NRR5	1	0.871697
Q8TCW7-Q8IYU4	0	0.306313
Q8TCW7-Q8IWV7	1	0.593043
Q8TCW7-Q8IWV8	1	0.589480
Q8TCW7-Q8N806	0	0.254882
Q8TCW7-P57075	0	0.090468
Q8TCW7-Q8TF42	0	0.206407
Q8TCW7-Q9HAC8	0	0.295079
Q8TCW7-Q8WUN7	0	0.276288
Q8TCW7-Q96LJ8	0	0.164515
Q8TCW7-Q5T124	0	0.167355
Q8TCW7-P68543	0	0.425721
Q8TCW7-Q14CS0	0	0.241735
Q8TCW7-Q04323	0	0.340416
Q8TCW7-Q92575	0	0.473122
Q8TCW7-Q9BZV1	0	0.316198
Q8TCW7-O94888	0	0.467073
Q8TCW7-P09936	0	0.202848
Q8TCW7-P15374	0	0.289120
Q8TCW7-Q9Y5K5	0	0.293768
Q8TCW7-Q9HA47	0	0.206262
Q8TCW7-Q9BZX2	0	0.266056
Q8TCW7-Q9NWZ5	0	0.356267
Q8TCW7-Q8WVF2	0	0.334030
Q8TCW7-P55089	0	0.216227
Q8TCW7-Q96RP3	0	0.271808
Q8TCW7-Q969E3	0	0.366971
Q8TCW7-Q5JXB2	0	0.381838
Q8TCW7-Q8IX04	0	0.337084
Q8TCW7-Q9Y3C8	0	0.217826
Q8TCW7-Q92890	0	0.340882
Q8TCW7-O94874	1	0.712485
Q8TCW7-P61960	0	0.196396
Q8TCW7-Q6NVU6	0	0.170719
Q8TCW7-Q9NUQ7	0	0.293805
Q8TCW7-O60701	0	0.476689
Q8TCW7-Q9NYU2	1	0.909869
Q8TCW7-Q9NYU1	1	0.530144
Q8TCW7-Q16851	0	0.424272
Q8TCW7-A0JNW5	0	0.432029
Q8TCW7-Q8TAS1	0	0.250823
Q8TCW7-Q96T88	0	0.300645
Q8TCW7-Q96PU4	0	0.352781
Q8TCW7-Q96QD9	0	0.327948
Q8TCW7-Q96RL1	0	0.187223
Q8TCW7-C9JPN9	0	0.075714
Q8TCW7-Q13564	0	0.464034
Q8TCW7-Q9BZM6	0	0.426544
Q8TCW7-Q9BZM5	1	0.565425
Q8TCW7-Q9BZM4	0	0.474051
Q8TCW7-Q5VY80	1	0.615015
Q8TCW7-O75385	0	0.358158
Q8TCW7-Q8IYT8	0	0.122992
Q8TCW7-Q6PHR2	1	0.579080
Q8TCW7-Q96C45	0	0.439402
Q8TCW7-C9J7I0	0	0.207542
Q8TCW7-Q8N2C9	0	0.179478
Q8TCW7-P11172	1	0.503516
Q8TCW7-Q9UPW8	0	0.379915
Q8TCW7-O14795	0	0.421816
Q8TCW7-Q70J99	0	0.342206
Q8TCW7-Q9H3U1	1	0.521254
Q8TCW7-Q8IWX7	0	0.415463
Q8TCW7-A6NJT0	0	0.106251
Q8TCW7-P13051	0	0.229006
Q8TCW7-Q9H9P5	0	0.269284
Q8TCW7-Q9C0B0	0	0.277827
Q8TCW7-Q03405	1	0.577044
Q8TCW7-Q16831	0	0.216970
Q8TCW7-O95045	0	0.247525
Q8TCW7-Q96BW1	0	0.230644
Q8TCW7-Q9NVA1	0	0.495809
Q8TCW7-Q9BRT2	1	0.520674
Q8TCW7-A6NGE7	0	0.297260
Q8TCW7-Q96HZ7	0	0.236120
Q8TCW7-Q14146	0	0.269949
Q8TCW7-Q6BDS2	1	0.626189
Q8TCW7-Q8TCY9	0	0.290745
Q8TCW7-Q9BTM9	0	0.189445
Q8TCW7-P00749	0	0.146531
Q8TCW7-P07911	0	0.110161
Q8TCW7-Q86UX7	0	0.352085
Q8TCW7-Q92738	0	0.166893
Q8TCW7-Q9BQ65	0	0.141639
Q8TCW7-Q8N6Y0	0	0.339285
Q8TCW7-P22415	0	0.380832
Q8TCW7-Q15853	0	0.343055
Q8TCW7-Q9Y6N9	0	0.441431
Q8TCW7-Q495M9	0	0.186605
Q8TCW7-O60763	1	0.690573
Q8TCW7-Q5W0Q7	0	0.302107
Q8TCW7-Q9BVJ6	0	0.199077
Q8TCW7-Q5TAP6	0	0.245737
Q8TCW7-P11684	0	0.348251
Q8TCW7-Q5T230	0	0.207271
Q8TCW7-Q9Y3A2	0	0.235737
Q8TCW7-Q8TED0	0	0.331009
Q8TCW7-Q9Y5J1	0	0.166774
Q8TCW7-Q9BRU9	0	0.185590
Q8TCW7-Q969X6	0	0.287801
Q8TCW7-Q9NYH9	0	0.274486
Q8TCW7-Q765I0	0	0.337047
Q8TCW7-O95399	0	0.258391
Q8TCW7-O14607	0	0.249301
Q8TCW7-Q9P2Y5	0	0.457478
Q8TCW7-Q2YD98	0	0.379707
Q8TCW7-Q9UBK9	0	0.224272
Q8TCW7-P61421	1	0.671006
Q8TCW7-Q8N8Y2	0	0.392856
Q8TCW7-Q08AM6	1	0.617180
Q8TCW7-A0A1B0GUX0	0	0.274012
Q8TCW7-Q7L8A9	0	0.187790
Q8TCW7-Q86V25	0	0.157300
Q8TCW7-P50552	0	0.356563
Q8TCW7-Q9HCJ6	0	0.419209
Q8TCW7-Q99536	0	0.331576
Q8TCW7-P38606	1	0.608282
Q8TCW7-P15313	0	0.388543
Q8TCW7-P21281	0	0.426256
Q8TCW7-P21283	1	0.572343
Q8TCW7-Q8NEY4	0	0.410212
Q8TCW7-Q9Y5K8	0	0.442956
Q8TCW7-P36543	0	0.495956
Q8TCW7-Q96A05	0	0.437855
Q8TCW7-Q16864	0	0.436538
Q8TCW7-O75348	0	0.313758
Q8TCW7-O95670	0	0.249804
Q8TCW7-Q96LB4	0	0.220278
Q8TCW7-Q9UI12	0	0.408696
Q8TCW7-P52735	0	0.420849
Q8TCW7-Q9UKW4	1	0.533010
Q8TCW7-P15498	1	0.765326
Q8TCW7-Q5SQQ9	0	0.176309
Q8TCW7-Q9UIW0	0	0.193683
Q8TCW7-Q6Q795	0	0.183389
Q8TCW7-Q96JH7	1	0.577964
Q8TCW7-Q9H320	0	0.273262
Q8TCW7-Q9H322	0	0.246071
Q8TCW7-Q9H321	0	0.284230
Q8TCW7-Q9NNX9	0	0.265893
Q8TCW7-O14598	0	0.176944
Q8TCW7-O14599	0	0.219759
Q8TCW7-P11473	0	0.213529
Q8TCW7-P15692	0	0.244351
Q8TCW7-P49765	0	0.361297
Q8TCW7-P49767	0	0.151721
Q8TCW7-O43915	0	0.186114
Q8TCW7-O95231	0	0.185647
Q8TCW7-Q8TAG6	0	0.210487
Q8TCW7-Q14119	0	0.152384
Q8TCW7-O15240	0	0.263990
Q8TCW7-Q99990	0	0.153017
Q8TCW7-Q8N8G2	0	0.149780
Q8TCW7-A8MV65	0	0.297264
Q8TCW7-Q14135	0	0.231029
Q8TCW7-Q6RSH7	0	0.224092
Q8TCW7-P40337	1	0.570880
Q8TCW7-Q00341	1	0.692587
Q8TCW7-P09327	0	0.432374
Q8TCW7-O15195	0	0.333766
Q8TCW7-P08670	1	0.671995
Q8TCW7-P18206	1	0.587791
Q8TCW7-O60504	1	0.527938
Q8TCW7-Q6PFW1	1	0.685644
Q8TCW7-O43314	0	0.268367
Q8TCW7-P01282	0	0.353972
Q8TCW7-Q69YN4	0	0.289023
Q8TCW7-P62760	1	0.591888
Q8TCW7-Q6UXI7	0	0.301650
Q8TCW7-O00534	0	0.216326
Q8TCW7-Q2NL98	0	0.191770
Q8TCW7-Q7Z5L0	0	0.161153
Q8TCW7-O95497	0	0.422771
Q8TCW7-O95498	1	0.791994
Q8TCW7-Q9NY84	0	0.315905
Q8TCW7-P63121	0	0.167025
Q8TCW7-O75436	0	0.410900
Q8TCW7-Q4G0F5	0	0.375868
Q8TCW7-O14972	0	0.275088
Q8TCW7-Q96AX1	0	0.390596
Q8TCW7-Q9H267	0	0.259609
Q8TCW7-Q8NEZ2	0	0.238813
Q8TCW7-Q9H9H4	0	0.287931
Q8TCW7-A5D8V6	0	0.259966
Q8TCW7-Q86XT2	0	0.143929
Q8TCW7-Q9Y2B5	0	0.351726
Q8TCW7-P63124	0	0.167942
Q8TCW7-P10265	0	0.172349
Q8TCW7-P63123	0	0.160136
Q8TCW7-P63120	0	0.161920
Q8TCW7-P63119	0	0.168319
Q8TCW7-P63129	0	0.168985
Q8TCW7-P63125	0	0.172081
Q8TCW7-Q9Y6I0	0	0.158964
Q8TCW7-P63131	0	0.170524
Q8TCW7-P63122	0	0.173981
Q8TCW7-P63127	0	0.165082
Q8TCW7-Q9UKI3	0	0.181242
Q8TCW7-P12018	0	0.185024
Q8TCW7-Q9H270	0	0.467222
Q8TCW7-Q9H269	0	0.397001
Q8TCW7-Q9P253	0	0.294032
Q8TCW7-Q9BRG1	0	0.234475
Q8TCW7-Q9UK41	0	0.486678
Q8TCW7-Q9UBQ0	1	0.540707
Q8TCW7-Q96QK1	1	0.680821
Q8TCW7-Q86VN1	0	0.255336
Q8TCW7-Q96JC1	0	0.266566
Q8TCW7-P49754	0	0.248364
Q8TCW7-Q9NRW7	0	0.265146
Q8TCW7-Q9UN37	0	0.478289
Q8TCW7-O75351	1	0.552315
Q8TCW7-Q96JG6	1	0.599130
Q8TCW7-Q9UID3	0	0.355599
Q8TCW7-Q8N1B4	1	0.711541
Q8TCW7-Q5VIR6	1	0.662336
Q8TCW7-Q9P1Q0	0	0.433958
Q8TCW7-Q15906	0	0.222830
Q8TCW7-Q8N3P4	1	0.633678
Q8TCW7-Q99986	0	0.280768
Q8TCW7-Q8IV63	0	0.304678
Q8TCW7-Q9H8Y1	0	0.255586
Q8TCW7-Q9NZR4	0	0.210278
Q8TCW7-P58304	0	0.194884
Q8TCW7-Q9NP79	0	0.430815
Q8TCW7-P02774	0	0.461026
Q8TCW7-Q8TAG5	0	0.462523
Q8TCW7-Q96N03	0	0.215906
Q8TCW7-P04004	0	0.451531
Q8TCW7-Q5TIE3	0	0.172289
Q8TCW7-Q8N398	0	0.054732
Q8TCW7-Q6PCB0	0	0.122810
Q8TCW7-Q5GFL6	0	0.159608
Q8TCW7-A6NCI4	0	0.083453
Q8TCW7-Q502W6	0	0.149751
Q8TCW7-Q9Y334	0	0.251408
Q8TCW7-A3KMH1	1	0.573776
Q8TCW7-B2RUY7	0	0.251250
Q8TCW7-Q2TAL6	0	0.211992
Q8TCW7-Q96DN2	0	0.286129
Q8TCW7-Q8N2E2	0	0.163471
Q8TCW7-Q641Q2	0	0.159186
Q8TCW7-Q9Y4E1	0	0.175669
Q8TCW7-Q9BTA9	0	0.193594
Q8TCW7-Q7Z5K2	0	0.408808
Q8TCW7-Q9Y3C0	0	0.273178
Q8TCW7-Q2M389	0	0.108941
Q8TCW7-Q12768	1	0.655328
Q8TCW7-Q92558	0	0.285003
Q8TCW7-Q9Y6W5	0	0.337266
Q8TCW7-Q9UPY6	0	0.285654
Q8TCW7-A8K0Z3	0	0.175571
Q8TCW7-Q6VEQ5	0	0.183652
Q8TCW7-C4AMC7	0	0.206023
Q8TCW7-A8MWX3	0	0.130773
Q8TCW7-Q9NQA3	0	0.144862
Q8TCW7-O00401	0	0.346989
Q8TCW7-P42768	0	0.264734
Q8TCW7-Q9Y2W2	0	0.319823
Q8TCW7-Q96G27	0	0.453064
Q8TCW7-Q6ICG8	0	0.156823
Q8TCW7-Q969T9	0	0.418510
Q8TCW7-O75554	0	0.301796
Q8TCW7-Q9H6R7	0	0.263427
Q8TCW7-Q8IWB7	0	0.343625
Q8TCW7-Q96P53	0	0.435240
Q8TCW7-O75717	0	0.360123
Q8TCW7-Q9BZH6	0	0.279041
Q8TCW7-Q9GZL7	0	0.306352
Q8TCW7-Q9H1Z4	0	0.178238
Q8TCW7-Q8IZU2	0	0.235453
Q8TCW7-Q9BV38	0	0.170935
Q8TCW7-Q8NEZ3	0	0.250284
Q8TCW7-O75083	0	0.424938
Q8TCW7-Q8TBZ3	0	0.210673
Q8TCW7-Q96S15	0	0.183763
Q8TCW7-Q64LD2	0	0.122435
Q8TCW7-Q9H7D7	0	0.204593
Q8TCW7-A2RRH5	0	0.212233
Q8TCW7-Q8NA23	0	0.224499
Q8TCW7-Q9C0J8	0	0.073227
Q8TCW7-Q9P2L0	0	0.331673
Q8TCW7-Q8NI36	0	0.152709
Q8TCW7-Q9Y2I8	0	0.267805
Q8TCW7-Q5JTN6	0	0.135252
Q8TCW7-Q9UNX4	0	0.370031
Q8TCW7-Q9HAD4	0	0.348436
Q8TCW7-Q15061	0	0.171991
Q8TCW7-Q5JSH3	0	0.263511
Q8TCW7-O15213	0	0.244732
Q8TCW7-O94967	1	0.530336
Q8TCW7-Q8TAF3	0	0.392841
Q8TCW7-Q8IV35	0	0.187567
Q8TCW7-P57081	0	0.181070
Q8TCW7-Q7Z5U6	0	0.194365
Q8TCW7-Q9H977	0	0.259634
Q8TCW7-Q9H6Y2	0	0.295838
Q8TCW7-Q6PJI9	0	0.104655
Q8TCW7-Q86VZ2	0	0.211198
Q8TCW7-P61964	0	0.169743
Q8TCW7-Q9GZS3	0	0.457036
Q8TCW7-O43379	0	0.227397
Q8TCW7-B1ANS9	0	0.187596
Q8TCW7-Q9NNW5	0	0.225206
Q8TCW7-Q9NW82	0	0.375135
Q8TCW7-Q3MJ13	0	0.141766
Q8TCW7-Q6P4I2	0	0.245226
Q8TCW7-Q6RFH5	0	0.225451
Q8TCW7-Q8IWA0	0	0.321550
Q8TCW7-Q9H967	0	0.083917
Q8TCW7-Q9Y4E6	0	0.203876
Q8TCW7-Q562E7	1	0.540521
Q8TCW7-Q6UXN9	0	0.276497
Q8TCW7-Q9BRX9	0	0.256169
Q8TCW7-Q86TI4	0	0.203481
Q8TCW7-Q6ZMY6	0	0.228595
Q8TCW7-Q96FK6	0	0.329713
Q8TCW7-Q96KV7	0	0.036485
Q8TCW7-A4D1P6	0	0.225367
Q8TCW7-Q96MX6	0	0.348744
Q8TCW7-Q6P2C0	0	0.135850
Q8TCW7-A6NE52	0	0.116018
Q8TCW7-Q8N5D0	0	0.242452
Q8TCW7-P30291	0	0.241438
Q8TCW7-P0C1S8	0	0.309846
Q8TCW7-Q9H1F0	0	0.413548
Q8TCW7-Q8IUB3	1	0.621287
Q8TCW7-Q8NEX6	0	0.477911
Q8TCW7-Q8WWY7	0	0.286924
Q8TCW7-Q8IUB5	0	0.236157
Q8TCW7-Q9HC57	0	0.275603
Q8TCW7-Q14508	1	0.548148
Q8TCW7-Q8IUB2	0	0.173354
Q8TCW7-Q8TCV5	0	0.201885
Q8TCW7-Q9BQY6	0	0.190556
Q8TCW7-Q8IUA0	0	0.170369
Q8TCW7-Q8NEX5	1	0.601550
Q8TCW7-Q96NZ8	0	0.310385
Q8TCW7-Q8TEU8	0	0.374623
Q8TCW7-Q1A5X7	0	0.418577
Q8TCW7-Q8TF30	0	0.402852
Q8TCW7-Q9P202	0	0.417321
Q8TCW7-Q9Y5W5	0	0.206255
Q8TCW7-O43516	0	0.290886
Q8TCW7-Q8TF74	0	0.355508
Q8TCW7-A6NGB9	0	0.236682
Q8TCW7-Q5MNZ9	0	0.144701
Q8TCW7-Q9Y4P8	0	0.485404
Q8TCW7-Q5MNZ6	0	0.316521
Q8TCW7-Q9Y484	0	0.204789
Q8TCW7-Q06250	0	0.104550
Q8TCW7-O95785	0	0.079620
Q8TCW7-Q9GZT5	0	0.273064
Q8TCW7-O00744	0	0.237842
Q8TCW7-Q9BYP7	0	0.213286
Q8TCW7-Q96J92	0	0.194265
Q8TCW7-O96014	0	0.276073
Q8TCW7-Q9UBV4	0	0.455739
Q8TCW7-P04628	0	0.383409
Q8TCW7-Q93097	0	0.375823
Q8TCW7-P09544	0	0.382215
Q8TCW7-P56704	0	0.260897
Q8TCW7-P56703	0	0.363535
Q8TCW7-P56705	0	0.445931
Q8TCW7-P41221	1	0.500407
Q8TCW7-Q9H1J7	0	0.345214
Q8TCW7-Q9Y6F9	0	0.328154
Q8TCW7-O00755	0	0.211324
Q8TCW7-P56706	1	0.509568
Q8TCW7-Q9H1J5	0	0.222314
Q8TCW7-Q93098	0	0.112772
Q8TCW7-O14904	0	0.314806
Q8TCW7-O14905	0	0.239238
Q8TCW7-Q96S55	0	0.263400
Q8TCW7-Q14191	0	0.152592
Q8TCW7-Q9P2S5	0	0.174544
Q8TCW7-Q9Y6I7	0	0.179010
Q8TCW7-Q9NYS7	0	0.082894
Q8TCW7-Q8N9V3	0	0.183288
Q8TCW7-P19544	0	0.128338
Q8TCW7-A6NIX2	0	0.119980
Q8TCW7-Q96NR7	0	0.096338
Q8TCW7-Q6AWC2	0	0.278025
Q8TCW7-Q9ULE0	0	0.195838
Q8TCW7-Q9NZC7	0	0.407084
Q8TCW7-Q9H0M0	0	0.475891
Q8TCW7-O00308	0	0.470042
Q8TCW7-Q9GZV5	0	0.368432
Q8TCW7-Q6GPH4	0	0.168523
Q8TCW7-Q9HD64	0	0.197088
Q8TCW7-Q96GT9	0	0.178799
Q8TCW7-Q8WTP9	0	0.221540
Q8TCW7-Q8WWM1	0	0.215740
Q8TCW7-P47992	0	0.446922
Q8TCW7-Q9UBD3	0	0.465622
Q8TCW7-P47989	0	0.169121
Q8TCW7-P98170	0	0.345982
Q8TCW7-Q702N8	0	0.402731
Q8TCW7-O15537	0	0.151891
Q8TCW7-Q5T750	0	0.352612
Q8TCW7-P23025	0	0.350670
Q8TCW7-Q01831	0	0.205419
Q8TCW7-Q92889	0	0.334851
Q8TCW7-O14980	1	0.520967
Q8TCW7-P55060	0	0.480983
Q8TCW7-Q9C0E2	1	0.761563
Q8TCW7-Q9HAV4	1	0.558132
Q8TCW7-Q96QU8	1	0.693384
Q8TCW7-Q9UIA9	1	0.876276
Q8TCW7-O43592	1	0.579033
Q8TCW7-Q9NQW7	0	0.166636
Q8TCW7-O43895	0	0.453755
Q8TCW7-Q9NQH7	0	0.234179
Q8TCW7-P18887	0	0.361594
Q8TCW7-O43543	0	0.185948
Q8TCW7-O43542	0	0.459161
Q8TCW7-Q13426	0	0.287503
Q8TCW7-P13010	1	0.690867
Q8TCW7-P12956	0	0.368450
Q8TCW7-Q8IZH2	0	0.433899
Q8TCW7-Q9H0D6	0	0.317850
Q8TCW7-O75695	0	0.174912
Q8TCW7-Q6P2D8	0	0.131539
Q8TCW7-O75191	0	0.249516
Q8TCW7-Q6XCG6	0	0.124899
Q8TCW7-Q8N9X3	0	0.143861
Q8TCW7-A8MUI8	0	0.090507
Q8TCW7-Q0P140	0	0.173372
Q8TCW7-Q9NRH1	0	0.391156
Q8TCW7-Q8IY57	0	0.245064
Q8TCW7-P46937	0	0.400144
Q8TCW7-Q6UY13	0	0.219572
Q8TCW7-Q8N2B8	0	0.160188
Q8TCW7-A8MTW9	0	0.140418
Q8TCW7-Q86TA4	0	0.203197
Q8TCW7-A8MUA0	0	0.079837
Q8TCW7-P58557	0	0.361115
Q8TCW7-P67809	0	0.328691
Q8TCW7-Q9Y2T7	0	0.181373
Q8TCW7-P16989	0	0.226502
Q8TCW7-Q6ZUG5	0	0.111805
Q8TCW7-Q1RN00	0	0.201702
Q8TCW7-Q0VG73	0	0.316334
Q8TCW7-Q9H8V8	0	0.178379
Q8TCW7-Q6ZRP5	0	0.106790
Q8TCW7-A8MVM7	0	0.063274
Q8TCW7-Q6ZS92	0	0.175121
Q8TCW7-Q6ZQT0	1	0.589937
Q8TCW7-A6NC05	0	0.155346
Q8TCW7-A8MPS7	0	0.229986
Q8TCW7-Q9UI72	0	0.140433
Q8TCW7-A6NLC8	0	0.190250
Q8TCW7-Q8NA96	0	0.105159
Q8TCW7-P07947	1	0.881191
Q8TCW7-Q9ULM3	0	0.323371
Q8TCW7-O95619	0	0.426570
Q8TCW7-Q8N1X5	0	0.170832
Q8TCW7-Q8N9P0	0	0.090340
Q8TCW7-Q6ZS46	0	0.086328
Q8TCW7-Q6ZSV7	0	0.127243
Q8TCW7-Q6ZS52	0	0.192998
Q8TCW7-A6NL46	0	0.079079
Q8TCW7-Q9UHT4	0	0.316887
Q8TCW7-Q8NBF4	0	0.165434
Q8TCW7-A4D1N5	0	0.149123
Q8TCW7-Q6ZRM9	0	0.096668
Q8TCW7-Q75L30	0	0.197702
Q8TCW7-Q8N976	0	0.180769
Q8TCW7-Q8N814	0	0.172848
Q8TCW7-Q9HAA7	0	0.262943
Q8TCW7-Q71RG6	0	0.152649
Q8TCW7-Q8N7P7	0	0.086195
Q8TCW7-A8MV72	0	0.073416
Q8TCW7-Q96NJ1	0	0.084127
Q8TCW7-Q6UXR6	0	0.131248
Q8TCW7-Q9H379	0	0.328130
Q8TCW7-Q8NFD4	0	0.161423
Q8TCW7-Q6ZSN1	0	0.119052
Q8TCW7-Q5PR19	0	0.132337
Q8TCW7-Q5VSD8	0	0.173257
Q8TCW7-Q8N377	0	0.145748
Q8TCW7-Q6ZSR9	0	0.147320
Q8TCW7-Q96MT0	0	0.356098
Q8TCW7-Q8N9G6	0	0.084909
Q8TCW7-Q6ZQT7	0	0.132480
Q8TCW7-Q499Y3	0	0.229227
Q8TCW7-P0C879	0	0.161299
Q8TCW7-A6XGL0	0	0.161438
Q8TCW7-Q9BW85	0	0.306767
Q8TCW7-Q6ZVH6	0	0.197983
Q8TCW7-Q9BRP9	0	0.204319
Q8TCW7-Q6ZVU0	0	0.150192
Q8TCW7-Q6AWC8	0	0.221313
Q8TCW7-Q6ZTI0	0	0.166738
Q8TCW7-A1L4Q6	0	0.163618
Q8TCW7-Q8IYB0	0	0.155390
Q8TCW7-Q3C1V9	0	0.119938
Q8TCW7-A6NHS1	0	0.283584
Q8TCW7-Q8TAT8	0	0.157138
Q8TCW7-O15498	1	0.506166
Q8TCW7-Q6ZRX8	0	0.126188
Q8TCW7-Q6ZUT4	0	0.144415
Q8TCW7-Q0VFX4	0	0.152337
Q8TCW7-Q6ZV60	0	0.214735
Q8TCW7-Q9H521	0	0.334626
Q8TCW7-Q9UF83	0	0.146636
Q8TCW7-A8MX80	0	0.089636
Q8TCW7-Q6ZR54	0	0.137731
Q8TCW7-Q6UXP9	0	0.187090
Q8TCW7-Q6UXQ8	0	0.119868
Q8TCW7-Q9UFV3	0	0.209934
Q8TCW7-Q6ZQY7	0	0.258959
Q8TCW7-Q6ZSR3	0	0.138636
Q8TCW7-Q96MF0	0	0.107429
Q8TCW7-Q9UI25	0	0.166905
Q8TCW7-Q6ZSR6	0	0.153340
Q8TCW7-Q9P1D8	0	0.217968
Q8TCW7-Q96M66	0	0.120630
Q8TCW7-Q6ZTK2	0	0.120459
Q8TCW7-Q8N6K4	0	0.156015
Q8TCW7-Q8NAQ8	0	0.157961
Q8TCW7-Q6ZRN7	0	0.095503
Q8TCW7-Q6ZVL8	0	0.167410
Q8TCW7-O60688	0	0.119493
Q8TCW7-Q96QA6	0	0.120098
Q8TCW7-P61236	0	0.151709
Q8TCW7-Q96NS1	0	0.189091
Q8TCW7-P62699	0	0.216832
Q8TCW7-Q6ZRG5	0	0.252044
Q8TCW7-A8MXK9	0	0.156020
Q8TCW7-A8MWP6	0	0.168251
Q8TCW7-Q6ZRU5	0	0.235365
Q8TCW7-A8MZ25	0	0.067497
Q8TCW7-A8MU10	0	0.197733
Q8TCW7-A8MUN3	0	0.132094
Q8TCW7-Q6ZS49	0	0.131491
Q8TCW7-Q86U90	0	0.131473
Q8TCW7-Q6UXR8	0	0.193349
Q8TCW7-Q6UXU0	0	0.198835
Q8TCW7-Q8WZ26	0	0.180568
Q8TCW7-Q8N3U1	0	0.189724
Q8TCW7-Q6ZSA8	0	0.117127
Q8TCW7-Q6ZPA2	0	0.164644
Q8TCW7-Q6ZWC4	0	0.111200
Q8TCW7-Q6ZVQ6	0	0.167007
Q8TCW7-Q8WTZ3	0	0.139231
Q8TCW7-Q9UI54	0	0.379140
Q8TCW7-Q6ZTC4	0	0.175134
Q8TCW7-Q5W150	0	0.115847
Q8TCW7-P0C880	0	0.155078
Q8TCW7-Q96MU7	0	0.183742
Q8TCW7-Q9H6S0	0	0.249917
Q8TCW7-Q9BYJ9	0	0.455783
Q8TCW7-Q9Y5A9	0	0.461911
Q8TCW7-Q7Z739	0	0.282144
Q8TCW7-Q6ZR03	0	0.070651
Q8TCW7-A8MT66	0	0.218695
Q8TCW7-A8MWP4	0	0.143023
Q8TCW7-Q8TCH9	0	0.190388
Q8TCW7-Q8N9L7	0	0.124369
Q8TCW7-Q96M85	0	0.159566
Q8TCW7-Q6UXV3	0	0.122259
Q8TCW7-Q5BKY6	0	0.188353
Q8TCW7-Q8N402	0	0.413079
Q8TCW7-A8MUU9	0	0.134208
Q8TCW7-Q8N8P6	0	0.183225
Q8TCW7-Q9H869	0	0.384361
Q8TCW7-P59817	0	0.116738
Q8TCW7-Q86YH2	0	0.136910
Q8TCW7-Q8ND82	0	0.095194
Q8TCW7-Q6N043	0	0.159984
Q8TCW7-Q9HBT8	0	0.071975
Q8TCW7-P0CG31	0	0.058579
Q8TCW7-O75467	0	0.088269
Q8TCW7-Q6AW86	0	0.070387
Q8TCW7-O60765	0	0.050287
Q8TCW7-Q96LW1	0	0.036518
Q8TCW7-Q86Y25	0	0.085199
Q8TCW7-Q9NSJ1	0	0.105180
Q8TCW7-Q96PM9	0	0.100791
Q8TCW7-Q569K4	0	0.144471
Q8TCW7-Q66K41	0	0.117140
Q8TCW7-Q9H6B1	0	0.135034
Q8TCW7-Q8IWR0	0	0.116349
Q8TCW7-Q9UGR2	0	0.119251
Q8TCW7-Q96KM6	0	0.070897
Q8TCW7-Q6AHZ1	0	0.234980
Q8TCW7-Q9C0D4	0	0.115547
Q8TCW7-Q6P3V2	0	0.018345
Q8TCW7-Q52M93	0	0.017159
Q8TCW7-E7ETH6	0	0.088339
Q8TCW7-Q4V348	0	0.033341
Q8TCW7-Q6ZN79	0	0.072213
Q8TCW7-P0CI00	0	0.085363
Q8TCW7-P0CH99	0	0.079397
Q8TCW7-A8MWA4	0	0.080035
Q8TCW7-A8MVS1	0	0.076241
Q8TCW7-A8MUZ8	0	0.075819
Q8TCW7-O75290	0	0.042749
Q8TCW7-Q9Y6R6	0	0.026994
Q8TCW7-Q7Z570	0	0.055139
Q8TCW7-A4D1E1	0	0.053612
Q8TCW7-Q49A33	0	0.123064
Q8TCW7-P25311	0	0.269726
Q8TCW7-P43403	1	0.518291
Q8TCW7-A6NP61	0	0.178138
Q8TCW7-Q86SH2	0	0.184745
Q8TCW7-Q96FA7	0	0.164391
Q8TCW7-A8MT70	0	0.218136
Q8TCW7-O96006	0	0.202164
Q8TCW7-Q9BTP6	0	0.247724
Q8TCW7-Q96IU2	0	0.285466
Q8TCW7-O75132	0	0.359054
Q8TCW7-Q49AG3	0	0.330164
Q8TCW7-P86452	0	0.252255
Q8TCW7-Q8IZ13	0	0.164277
Q8TCW7-Q9H171	0	0.279271
Q8TCW7-Q96DT7	0	0.261917
Q8TCW7-O95625	0	0.230186
Q8TCW7-Q9Y330	0	0.158775
Q8TCW7-O43829	0	0.204513
Q8TCW7-Q05516	0	0.285888
Q8TCW7-Q13105	0	0.136577
Q8TCW7-Q99592	0	0.178786
Q8TCW7-Q9HC78	0	0.229085
Q8TCW7-Q9ULJ3	0	0.229300
Q8TCW7-O15209	0	0.351515
Q8TCW7-O43167	0	0.065890
Q8TCW7-P24278	0	0.204545
Q8TCW7-Q9HCK0	0	0.166566
Q8TCW7-Q9Y2Y4	0	0.064791
Q8TCW7-Q8NCN2	0	0.276542
Q8TCW7-Q5TC79	0	0.172977
Q8TCW7-Q8NAP3	0	0.128586
Q8TCW7-O15060	0	0.130846
Q8TCW7-Q9NUA8	0	0.353194
Q8TCW7-Q5SVQ8	0	0.036858
Q8TCW7-B2RXF5	0	0.191126
Q8TCW7-O43298	0	0.198963
Q8TCW7-Q8NCP5	0	0.187792
Q8TCW7-Q96K62	0	0.132700
Q8TCW7-Q86UZ6	0	0.154009
Q8TCW7-Q9UFB7	0	0.096327
Q8TCW7-Q6ZSB9	0	0.185887
Q8TCW7-O95365	0	0.368681
Q8TCW7-O15156	0	0.187829
Q8TCW7-A1YPR0	0	0.233418
Q8TCW7-Q96BR9	0	0.203633
Q8TCW7-Q8NAP8	0	0.236926
Q8TCW7-Q9Y2K1	0	0.185421
Q8TCW7-Q8N680	0	0.327637
Q8TCW7-Q9H5J0	0	0.207181
Q8TCW7-Q9P1Z0	0	0.132361
Q8TCW7-O15062	0	0.189440
Q8TCW7-Q15916	0	0.107665
Q8TCW7-Q96C00	0	0.127871
Q8TCW7-O75152	0	0.160117
Q8TCW7-A0A1B0GTU1	0	0.174492
Q8TCW7-Q5D1E8	0	0.118115
Q8TCW7-Q5HYM0	0	0.261467
Q8TCW7-Q9C0D7	0	0.216510
Q8TCW7-A2A288	0	0.271811
Q8TCW7-Q96GY0	0	0.162537
Q8TCW7-Q5TFG8	0	0.170490
Q8TCW7-Q53FD0	0	0.148450
Q8TCW7-O60293	0	0.116199
Q8TCW7-Q8IXZ2	0	0.083543
Q8TCW7-Q9UPT8	0	0.241952
Q8TCW7-P61129	0	0.375214
Q8TCW7-Q8N5P1	0	0.265093
Q8TCW7-Q96K80	0	0.197542
Q8TCW7-Q5T200	0	0.043679
Q8TCW7-Q6PJT7	0	0.257570
Q8TCW7-Q8WU90	0	0.222769
Q8TCW7-Q9NQZ6	0	0.183517
Q8TCW7-P0CG32	0	0.341497
Q8TCW7-Q96H79	0	0.152585
Q8TCW7-Q7Z2W4	0	0.212467
Q8TCW7-Q8TBK6	0	0.425610
Q8TCW7-Q6PEW1	0	0.443421
Q8TCW7-Q8WW36	0	0.100996
Q8TCW7-Q8WYQ9	0	0.182681
Q8TCW7-Q86VM9	0	0.307193
Q8TCW7-Q8N2G6	0	0.161132
Q8TCW7-Q9C0B9	0	0.145208
Q8TCW7-Q9NUD5	0	0.153554
Q8TCW7-Q9H5U6	0	0.237131
Q8TCW7-Q8N3Z6	0	0.109954
Q8TCW7-Q6NZY4	0	0.432192
Q8TCW7-Q8N567	0	0.191154
Q8TCW7-Q9H0M4	0	0.189248
Q8TCW7-Q504Y3	0	0.229855
Q8TCW7-Q8TBF4	0	0.235411
Q8TCW7-P37275	0	0.450110
Q8TCW7-O60315	0	0.204713
Q8TCW7-Q7Z7L7	0	0.209426
Q8TCW7-Q9NTW7	0	0.104430
Q8TCW7-Q9UJL9	0	0.055506
Q8TCW7-Q8TCF1	0	0.207415
Q8TCW7-Q9H8U3	0	0.254819
Q8TCW7-Q86XD8	0	0.186775
Q8TCW7-O76080	0	0.183990
Q8TCW7-Q6FIF0	0	0.262789
Q8TCW7-Q5T742	0	0.182975
Q8TCW7-Q9P243	0	0.152227
Q8TCW7-Q8N6M9	0	0.116998
Q8TCW7-Q8WV99	0	0.214457
Q8TCW7-Q9HCL3	0	0.073501
Q8TCW7-Q6P2D0	0	0.082648
Q8TCW7-Q8NHY6	0	0.030559
Q8TCW7-Q6ZN57	0	0.080535
Q8TCW7-Q9Y2G7	0	0.078606
Q8TCW7-Q9Y6Q3	0	0.069238
Q8TCW7-Q96NJ6	0	0.130129
Q8TCW7-Q8N8Y5	0	0.148778
Q8TCW7-Q96MM3	0	0.158565
Q8TCW7-Q9NU63	0	0.106297
Q8TCW7-Q8NB50	0	0.058912
Q8TCW7-Q49AA0	0	0.058454
Q8TCW7-Q8N141	0	0.065990
Q8TCW7-Q8TF47	0	0.064470
Q8TCW7-Q96JP5	0	0.238832
Q8TCW7-A6NM28	0	0.101815
Q8TCW7-Q9UPR6	0	0.157226
Q8TCW7-Q96KR1	0	0.281392
Q8TCW7-P17010	0	0.106009
Q8TCW7-Q7Z3T8	1	0.547282
Q8TCW7-Q9BQ24	0	0.186114
Q8TCW7-Q9HBF4	0	0.253434
Q8TCW7-O95405	0	0.447108
Q8TCW7-P08048	0	0.086905
Q8TCW7-Q96DA0	0	0.251778
Q8TCW7-O60844	0	0.456904
Q8TCW7-P0C6A0	0	0.083831
Q8TCW7-Q8N5A5	0	0.343691
Q8TCW7-Q9NS37	0	0.270912
Q8TCW7-Q96EF9	0	0.320011
Q8TCW7-Q9UKY1	0	0.364409
Q8TCW7-Q9Y6X8	0	0.296235
Q8TCW7-Q9H4I2	0	0.241127
Q8TCW7-Q15915	0	0.257117
Q8TCW7-O95409	0	0.114564
Q8TCW7-O60481	0	0.182689
Q8TCW7-Q8N9L1	0	0.152002
Q8TCW7-Q96T25	0	0.141464
Q8TCW7-Q3SY52	0	0.075158
Q8TCW7-Q9NZV7	0	0.305176
Q8TCW7-Q96PE6	0	0.066510
Q8TCW7-P17029	0	0.239511
Q8TCW7-Q63HK3	0	0.121270
Q8TCW7-Q9BRR0	0	0.166260
Q8TCW7-Q969J2	0	0.170260
Q8TCW7-Q9Y2L8	0	0.131083
Q8TCW7-Q9P0L1	0	0.178885
Q8TCW7-Q15776	0	0.258091
Q8TCW7-Q5H9K5	0	0.128452
Q8TCW7-Q96NC0	0	0.353113
Q8TCW7-Q9HA38	0	0.266462
Q8TCW7-Q9H898	0	0.170474
Q8TCW7-Q9UDW3	0	0.140550
Q8TCW7-Q9ULJ6	1	0.520518
Q8TCW7-Q8NF64	0	0.263500
Q8TCW7-O75800	0	0.269949
Q8TCW7-Q15326	0	0.198213
Q8TCW7-Q9H0C1	0	0.337285
Q8TCW7-Q9H091	0	0.115044
Q8TCW7-Q96E35	0	0.266570
Q8TCW7-Q5SVZ6	0	0.224021
Q8TCW7-Q9UBW7	0	0.160782
Q8TCW7-Q14202	1	0.506581
Q8TCW7-Q5VZL5	0	0.316442
Q8TCW7-Q9UJ78	0	0.164447
Q8TCW7-O95789	0	0.177355
Q8TCW7-Q8IYN0	0	0.093438
Q8TCW7-Q8IZC7	0	0.049981
Q8TCW7-Q9H2Y7	0	0.078626
Q8TCW7-Q9UII5	0	0.035624
Q8TCW7-Q9UJU3	0	0.026730
Q8TCW7-Q8NC26	0	0.087720
Q8TCW7-Q03924	0	0.068507
Q8TCW7-P58317	0	0.090907
Q8TCW7-Q15973	0	0.081390
Q8TCW7-P52739	1	0.511333
Q8TCW7-P52740	0	0.029627
Q8TCW7-P52736	0	0.054033
Q8TCW7-P52741	0	0.050319
Q8TCW7-P52742	0	0.061845
Q8TCW7-P52737	0	0.060082
Q8TCW7-P52743	0	0.127896
Q8TCW7-P52744	0	0.117408
Q8TCW7-P52738	0	0.090226
Q8TCW7-Q15928	0	0.078685
Q8TCW7-P52746	0	0.087733
Q8TCW7-P52747	0	0.198680
Q8TCW7-Q9UQR1	0	0.317406
Q8TCW7-Q13106	0	0.063849
Q8TCW7-Q12901	0	0.061279
Q8TCW7-P51786	0	0.062314
Q8TCW7-Q9HCG1	0	0.041285
Q8TCW7-P49910	0	0.211617
Q8TCW7-Q14929	0	0.075277
Q8TCW7-Q15697	0	0.108790
Q8TCW7-Q9Y473	0	0.045583
Q8TCW7-Q13360	0	0.143978
Q8TCW7-Q9UJW8	0	0.096598
Q8TCW7-Q2M3W8	0	0.099808
Q8TCW7-P17025	0	0.070840
Q8TCW7-Q99676	0	0.139846
Q8TCW7-O15231	0	0.180738
Q8TCW7-O75820	0	0.200724
Q8TCW7-O14628	0	0.090507
Q8TCW7-O14709	0	0.168874
Q8TCW7-P98182	0	0.110910
Q8TCW7-O95125	0	0.153195
Q8TCW7-O95201	0	0.095913
Q8TCW7-O43670	0	0.189134
Q8TCW7-O43345	0	0.035857
Q8TCW7-Q13398	0	0.066684
Q8TCW7-Q9UDV6	0	0.160849
Q8TCW7-O14771	0	0.156909
Q8TCW7-Q9UL59	0	0.055586
Q8TCW7-Q9UL58	0	0.092424
Q8TCW7-O75362	0	0.115898
Q8TCW7-Q9P2Y4	0	0.040474
Q8TCW7-Q9UK13	0	0.030789
Q8TCW7-Q9UK12	0	0.081964
Q8TCW7-Q9UK11	0	0.050464
Q8TCW7-Q9NZL3	0	0.022282
Q8TCW7-Q9UK10	0	0.021486
Q8TCW7-Q9NYT6	0	0.021501
Q8TCW7-Q86WZ6	0	0.016083
Q8TCW7-Q9UJW7	0	0.033065
Q8TCW7-Q9UIE0	0	0.053496
Q8TCW7-Q9UNY5	0	0.150894
Q8TCW7-A6NK53	0	0.043583
Q8TCW7-Q14588	0	0.036687
Q8TCW7-Q14590	0	0.018845
Q8TCW7-Q9UL36	0	0.121746
Q8TCW7-Q16600	0	0.055379
Q8TCW7-Q8NDW4	0	0.094082
Q8TCW7-P15622	0	0.205711
Q8TCW7-Q9BRH9	0	0.102647
Q8TCW7-O75346	0	0.071543
Q8TCW7-O75437	0	0.133090
Q8TCW7-Q9Y2P7	0	0.074434
Q8TCW7-Q9Y2Q1	0	0.060085
Q8TCW7-Q3ZCT1	0	0.077603
Q8TCW7-O14978	0	0.076841
Q8TCW7-O43296	0	0.106985
Q8TCW7-Q14584	0	0.060661
Q8TCW7-Q14586	0	0.051324
Q8TCW7-Q14587	0	0.047087
Q8TCW7-Q14593	0	0.141158
Q8TCW7-Q96GC6	0	0.157651
Q8TCW7-Q9NSD4	0	0.055669
Q8TCW7-Q8N554	0	0.115563
Q8TCW7-Q9NRM2	0	0.160977
Q8TCW7-Q9Y2X9	0	0.366435
Q8TCW7-Q9UDV7	0	0.104413
Q8TCW7-Q8N7M2	0	0.043020
Q8TCW7-Q2VY69	0	0.047248
Q8TCW7-Q96NJ3	0	0.079720
Q8TCW7-Q9HBT7	0	0.071685
Q8TCW7-Q8WUU4	0	0.100074
Q8TCW7-Q96RE9	0	0.053803
Q8TCW7-Q9NR11	0	0.177577
Q8TCW7-Q9HCX3	0	0.089875
Q8TCW7-Q5JNZ3	0	0.070844
Q8TCW7-A6NFI3	0	0.132466
Q8TCW7-Q96PQ6	0	0.079221
Q8TCW7-Q9P2F9	0	0.059400
Q8TCW7-A2RRD8	0	0.081190
Q8TCW7-Q8N8H1	0	0.256200
Q8TCW7-Q6U7Q0	0	0.057027
Q8TCW7-Q5BKZ1	0	0.318574
Q8TCW7-Q86UD4	0	0.054918
Q8TCW7-Q9Y3S2	0	0.249378
Q8TCW7-Q9NQX6	0	0.099834
Q8TCW7-Q96JL9	0	0.087624
Q8TCW7-Q9HCZ1	0	0.036517
Q8TCW7-Q9H4Z2	0	0.209731
Q8TCW7-Q9Y3M9	0	0.021963
Q8TCW7-Q06730	0	0.043988
Q8TCW7-Q06732	0	0.049505
Q8TCW7-Q9BYN7	0	0.091882
Q8TCW7-Q6P1L6	0	0.033973
Q8TCW7-Q14585	0	0.058356
Q8TCW7-Q9UL40	0	0.208685
Q8TCW7-Q96SE7	0	0.032328
Q8TCW7-Q9GZX5	0	0.139848
Q8TCW7-Q9NW07	0	0.231216
Q8TCW7-Q5T0B9	0	0.179870
Q8TCW7-Q96PM5	0	0.329476
Q8TCW7-Q70YC5	0	0.173651
Q8TCW7-Q8N895	0	0.080407
Q8TCW7-Q7RTV3	0	0.197577
Q8TCW7-P17032	0	0.056284
Q8TCW7-Q96SR6	0	0.069543
Q8TCW7-Q8NA42	0	0.066676
Q8TCW7-Q8TF68	0	0.085511
Q8TCW7-Q9UJN7	0	0.076378
Q8TCW7-Q53GI3	0	0.093306
Q8TCW7-Q9H8N7	0	0.193647
Q8TCW7-Q96N95	0	0.139034
Q8TCW7-Q8NF99	0	0.191553
Q8TCW7-Q8TD17	0	0.393283
Q8TCW7-Q494X3	0	0.043096
Q8TCW7-Q9H9D4	0	0.153100
Q8TCW7-Q86VK4	0	0.157633
Q8TCW7-Q96IQ9	0	0.145654
Q8TCW7-Q09FC8	0	0.068348
Q8TCW7-Q9BWM5	0	0.111110
Q8TCW7-Q8TAU3	0	0.087970
Q8TCW7-Q8TF45	0	0.042410
Q8TCW7-Q96HQ0	0	0.071674
Q8TCW7-Q8TAQ5	0	0.033192
Q8TCW7-Q2M1K9	0	0.090054
Q8TCW7-Q6IV72	0	0.046479
Q8TCW7-Q9BUY5	0	0.092303
Q8TCW7-Q96B54	0	0.282433
Q8TCW7-Q86V71	0	0.066804
Q8TCW7-Q9H8G1	0	0.197631
Q8TCW7-Q8TF32	0	0.191279
Q8TCW7-O94892	0	0.068896
Q8TCW7-Q8N7K0	0	0.025163
Q8TCW7-Q9C0F3	0	0.091347
Q8TCW7-Q7Z4V0	0	0.056390
Q8TCW7-Q8NDP4	0	0.045927
Q8TCW7-Q8IYI8	0	0.075792
Q8TCW7-Q8N8Z8	0	0.070746
Q8TCW7-Q9H7R0	0	0.052404
Q8TCW7-Q9Y2A4	0	0.044934
Q8TCW7-Q8N0Y2	0	0.205806
Q8TCW7-P59923	0	0.045291
Q8TCW7-Q9NWS9	0	0.096486
Q8TCW7-Q6P9G9	0	0.323902
Q8TCW7-Q9Y4E5	0	0.232638
Q8TCW7-Q8N9F8	0	0.057888
Q8TCW7-Q14592	0	0.137895
Q8TCW7-Q8TAF7	0	0.037115
Q8TCW7-Q7Z7K2	0	0.063389
Q8TCW7-Q5VIY5	0	0.053590
Q8TCW7-Q6ECI4	0	0.035757
Q8TCW7-Q9BX82	0	0.038767
Q8TCW7-Q8WTR7	0	0.054416
Q8TCW7-Q6S9Z5	0	0.084217
Q8TCW7-Q96JC4	0	0.113928
Q8TCW7-Q8WV37	0	0.037363
Q8TCW7-Q8TF39	0	0.067207
Q8TCW7-Q5JVG2	0	0.048776
Q8TCW7-Q8NCK3	0	0.057391
Q8TCW7-Q96H40	0	0.071863
Q8TCW7-B1APH4	0	0.223331
Q8TCW7-Q96MN9	0	0.058710
Q8TCW7-Q9ULM2	0	0.047537
Q8TCW7-Q8N8L2	0	0.052910
Q8TCW7-Q9P255	0	0.108515
Q8TCW7-Q6ZR52	0	0.063723
Q8TCW7-Q96IT1	0	0.186031
Q8TCW7-Q6ZNH5	0	0.054529
Q8TCW7-O60304	0	0.129726
Q8TCW7-Q96CX3	0	0.122075
Q8TCW7-Q8TBZ5	0	0.077321
Q8TCW7-Q96F45	0	0.201495
Q8TCW7-Q5JVG8	0	0.114652
Q8TCW7-Q8TCN5	0	0.173969
Q8TCW7-Q9Y2H8	0	0.112946
Q8TCW7-Q8NB15	0	0.137837
Q8TCW7-Q96ME7	0	0.118390
Q8TCW7-Q8N8E2	0	0.050758
Q8TCW7-Q96K75	0	0.062546
Q8TCW7-Q92618	0	0.063672
Q8TCW7-Q6ZMY9	0	0.101190
Q8TCW7-Q8TB69	0	0.048863
Q8TCW7-Q96K83	0	0.082329
Q8TCW7-Q96C55	0	0.156645
Q8TCW7-Q8N782	0	0.134216
Q8TCW7-Q8TF50	0	0.328530
Q8TCW7-Q8NB42	0	0.064987
Q8TCW7-Q3MIS6	0	0.038089
Q8TCW7-Q6P280	0	0.092211
Q8TCW7-Q6P9A1	0	0.108721
Q8TCW7-Q9HCE3	0	0.169602
Q8TCW7-Q76KX8	0	0.045858
Q8TCW7-O15090	0	0.209633
Q8TCW7-Q8NDQ6	0	0.023896
Q8TCW7-Q9H0D2	0	0.111385
Q8TCW7-Q5EBM4	0	0.197828
Q8TCW7-Q08ER8	0	0.110501
Q8TCW7-Q6NX49	0	0.023065
Q8TCW7-Q86UE3	0	0.041035
Q8TCW7-Q8IVP9	0	0.087671
Q8TCW7-Q8NEK5	0	0.087600
Q8TCW7-Q6P9A3	0	0.066470
Q8TCW7-Q7Z398	0	0.101517
Q8TCW7-Q7Z340	0	0.051842
Q8TCW7-Q9H707	0	0.126856
Q8TCW7-Q86TJ5	0	0.097094
Q8TCW7-Q8NEP9	0	0.054786
Q8TCW7-Q9HAH1	0	0.117020
Q8TCW7-Q8N988	0	0.146226
Q8TCW7-Q96NG5	0	0.134240
Q8TCW7-Q9BR84	0	0.062671
Q8TCW7-Q96MR9	0	0.063203
Q8TCW7-Q8N587	0	0.061822
Q8TCW7-Q6V9R5	0	0.075196
Q8TCW7-Q8TA94	0	0.065467
Q8TCW7-Q8TBZ8	0	0.096843
Q8TCW7-Q8N9K5	0	0.074422
Q8TCW7-Q969W8	0	0.089506
Q8TCW7-Q8N184	0	0.059880
Q8TCW7-Q3ZCX4	0	0.108731
Q8TCW7-Q5MCW4	0	0.055730
Q8TCW7-Q96NI8	0	0.090453
Q8TCW7-Q7Z3V5	0	0.056051
Q8TCW7-Q7Z3I7	0	0.100430
Q8TCW7-Q86YE8	0	0.045440
Q8TCW7-Q6ZN55	0	0.341959
Q8TCW7-Q86XF7	0	0.113730
Q8TCW7-Q9H609	0	0.106831
Q8TCW7-Q9BSK1	0	0.191888
Q8TCW7-Q96N58	0	0.044851
Q8TCW7-Q8NAF0	0	0.083538
Q8TCW7-Q9UK33	0	0.121241
Q8TCW7-Q9P0T4	0	0.092250
Q8TCW7-Q96NG8	0	0.088246
Q8TCW7-Q96ND8	0	0.075640
Q8TCW7-Q8IVC4	0	0.109566
Q8TCW7-Q9NXT0	0	0.086444
Q8TCW7-Q96SQ5	0	0.085035
Q8TCW7-Q86UQ0	0	0.079859
Q8TCW7-Q92610	0	0.224565
Q8TCW7-O00488	0	0.210410
Q8TCW7-Q96JF6	0	0.031479
Q8TCW7-Q8IYB9	0	0.044900
Q8TCW7-Q8TC21	0	0.050846
Q8TCW7-Q96LX8	0	0.094470
Q8TCW7-Q86UK7	0	0.155091
Q8TCW7-Q96NL3	0	0.132742
Q8TCW7-Q6ZNG1	0	0.043570
Q8TCW7-Q86T29	0	0.097054
Q8TCW7-Q8WXB4	0	0.062341
Q8TCW7-Q96SK3	0	0.034726
Q8TCW7-Q9ULD9	0	0.162273
Q8TCW7-O15014	0	0.246604
Q8TCW7-Q8N9Z0	0	0.070711
Q8TCW7-Q8N823	0	0.038381
Q8TCW7-Q6PF04	0	0.112172
Q8TCW7-Q8N883	0	0.115682
Q8TCW7-Q8N8J6	0	0.043297
Q8TCW7-Q08AN1	0	0.025051
Q8TCW7-Q5T7W0	0	0.273436
Q8TCW7-Q8N2I2	0	0.073239
Q8TCW7-Q6ZNG0	0	0.070825
Q8TCW7-Q6ZSS3	0	0.110315
Q8TCW7-Q969S3	0	0.286032
Q8TCW7-O75123	0	0.225584
Q8TCW7-Q9P2J8	0	0.029348
Q8TCW7-Q96I27	0	0.088302
Q8TCW7-Q68DY1	0	0.113203
Q8TCW7-Q7L945	0	0.086396
Q8TCW7-Q5EBL2	0	0.202250
Q8TCW7-Q9UEG4	0	0.096292
Q8TCW7-Q2M218	0	0.109876
Q8TCW7-Q14966	0	0.448980
Q8TCW7-Q9UID6	0	0.099934
Q8TCW7-Q96N77	0	0.116720
Q8TCW7-Q9H582	0	0.291461
Q8TCW7-O15015	0	0.051358
Q8TCW7-Q5T619	0	0.125895
Q8TCW7-Q9BS31	0	0.136829
Q8TCW7-Q9Y2D9	0	0.077172
Q8TCW7-Q96CK0	0	0.087913
Q8TCW7-Q8IZM8	0	0.222798
Q8TCW7-Q8N720	0	0.270966
Q8TCW7-Q5TYW1	0	0.019575
Q8TCW7-Q6AZW8	0	0.111245
Q8TCW7-Q6ZS27	0	0.099963
Q8TCW7-Q8N3J9	0	0.093985
Q8TCW7-Q9H7R5	0	0.068994
Q8TCW7-Q5HYK9	0	0.023658
Q8TCW7-Q96K58	0	0.071113
Q8TCW7-Q96BR6	0	0.054650
Q8TCW7-Q9BS34	0	0.089147
Q8TCW7-Q8TAW3	0	0.075132
Q8TCW7-Q499Z4	0	0.077127
Q8TCW7-Q2M3X9	0	0.070853
Q8TCW7-Q8TD23	0	0.156823
Q8TCW7-Q8N7Q3	0	0.124372
Q8TCW7-Q86XU0	0	0.059930
Q8TCW7-Q5SXM1	0	0.120916
Q8TCW7-Q8IYX0	0	0.100491
Q8TCW7-Q8NEM1	0	0.105948
Q8TCW7-Q96N22	0	0.071582
Q8TCW7-O95780	0	0.093317
Q8TCW7-Q8IZ20	0	0.089123
Q8TCW7-Q5T5D7	0	0.089144
Q8TCW7-Q8N1G0	0	0.156494
Q8TCW7-P0C7X2	0	0.184790
Q8TCW7-Q96CS4	0	0.056814
Q8TCW7-Q5VV52	0	0.064080
Q8TCW7-Q9BU19	0	0.049007
Q8TCW7-Q8IW36	0	0.063864
Q8TCW7-Q9H7X3	0	0.096327
Q8TCW7-Q5TEC3	0	0.101478
Q8TCW7-Q32M78	0	0.036261
Q8TCW7-Q9H0M5	0	0.015398
Q8TCW7-Q9NV72	0	0.056310
Q8TCW7-Q9H963	0	0.103076
Q8TCW7-Q9H7S9	0	0.272747
Q8TCW7-Q6ZNC4	0	0.137883
Q8TCW7-Q9Y5V0	0	0.159120
Q8TCW7-Q96C28	0	0.078068
Q8TCW7-P17019	0	0.107794
Q8TCW7-Q8N972	0	0.019609
Q8TCW7-Q8N1W2	0	0.234777
Q8TCW7-Q9Y462	0	0.100390
Q8TCW7-Q8N859	0	0.140206
Q8TCW7-Q96N38	0	0.113303
Q8TCW7-A6NP11	0	0.118623
Q8TCW7-Q9BY31	0	0.040864
Q8TCW7-Q3SXZ3	0	0.080411
Q8TCW7-Q7Z2F6	0	0.162912
Q8TCW7-Q8TF20	0	0.012750
Q8TCW7-P0DPD5	0	0.094841
Q8TCW7-A8MTY0	0	0.133753
Q8TCW7-A6NNF4	0	0.111367
Q8TCW7-A8MUV8	0	0.133322
Q8TCW7-P0DKX0	0	0.089537
Q8TCW7-A6NN14	0	0.023452
Q8TCW7-Q6ZMV8	0	0.069595
Q8TCW7-B4DXR9	0	0.081997
Q8TCW7-P0CB33	0	0.087693
Q8TCW7-B4DX44	0	0.163763
Q8TCW7-O75373	0	0.084515
Q8TCW7-Q8NE65	0	0.260119
Q8TCW7-Q8NDX6	0	0.234369
Q8TCW7-Q6NUN9	0	0.289450
Q8TCW7-Q9BV97	0	0.168709
Q8TCW7-O43361	0	0.040991
Q8TCW7-Q32MQ0	0	0.083312
Q8TCW7-Q96N20	0	0.096105
Q8TCW7-Q92670	0	0.144376
Q8TCW7-P51815	0	0.099496
Q8TCW7-Q86XN6	0	0.030393
Q8TCW7-Q0D2J5	0	0.095673
Q8TCW7-Q96H86	0	0.187972
Q8TCW7-Q7L2R6	0	0.076389
Q8TCW7-Q5HY98	0	0.063747
Q8TCW7-Q75MW2	0	0.292906
Q8TCW7-Q9H5H4	0	0.125104
Q8TCW7-Q6IQ21	0	0.055297
Q8TCW7-Q7L3S4	0	0.097481
Q8TCW7-Q68DY9	0	0.058882
Q8TCW7-Q6PK81	0	0.080578
Q8TCW7-Q6NX45	0	0.043735
Q8TCW7-Q96BV0	0	0.048837
Q8TCW7-Q68DI1	0	0.090338
Q8TCW7-Q9ULD5	0	0.117474
Q8TCW7-Q96MU6	0	0.048056
Q8TCW7-Q8N8C0	0	0.066639
Q8TCW7-Q6ZMW2	0	0.047614
Q8TCW7-Q6ZMS7	0	0.306851
Q8TCW7-Q8NCA9	0	0.177208
Q8TCW7-A8K8V0	0	0.173640
Q8TCW7-Q8N393	0	0.067696
Q8TCW7-Q6DD87	0	0.128588
Q8TCW7-Q6ZQV5	0	0.346651
Q8TCW7-Q5FWF6	0	0.082916
Q8TCW7-Q6PG37	0	0.032795
Q8TCW7-Q3KP31	0	0.027652
Q8TCW7-Q3KQV3	0	0.069954
Q8TCW7-Q6ZN11	0	0.087090
Q8TCW7-Q96GE5	0	0.046663
Q8TCW7-Q2TB10	0	0.208973
Q8TCW7-Q5CZA5	0	0.084981
Q8TCW7-P0C7X5	0	0.079618
Q8TCW7-Q8N4W9	0	0.018854
Q8TCW7-Q6ZN06	0	0.035103
Q8TCW7-B7Z6K7	0	0.026570
Q8TCW7-A8K554	0	0.189087
Q8TCW7-Q0VGE8	0	0.053894
Q8TCW7-Q6ZRF7	0	0.181959
Q8TCW7-O75541	0	0.291479
Q8TCW7-P16415	0	0.044630
Q8TCW7-Q6ZT77	0	0.068377
Q8TCW7-Q17R98	0	0.073726
Q8TCW7-Q3KNS6	0	0.059321
Q8TCW7-Q96NB3	0	0.392407
Q8TCW7-Q5JPB2	0	0.057397
Q8TCW7-Q6ZTB9	0	0.104377
Q8TCW7-Q9Y2P0	0	0.134647
Q8TCW7-Q6ZNA1	0	0.026986
Q8TCW7-Q96EG3	0	0.062691
Q8TCW7-A8K0R7	0	0.068348
Q8TCW7-A6NDX5	0	0.011483
Q8TCW7-Q6ZN19	0	0.071577
Q8TCW7-Q8N446	0	0.063210
Q8TCW7-Q08AG5	0	0.100351
Q8TCW7-Q96IR2	0	0.013532
Q8TCW7-Q147U1	0	0.043457
Q8TCW7-A8MQ14	0	0.022251
Q8TCW7-Q6ZMS4	0	0.203397
Q8TCW7-P0CG23	0	0.069555
Q8TCW7-A6NHJ4	0	0.045798
Q8TCW7-O60384	0	0.146753
Q8TCW7-O60290	0	0.139436
Q8TCW7-P0CJ78	0	0.050618
Q8TCW7-P10072	0	0.029954
Q8TCW7-C9JN71	0	0.029694
Q8TCW7-B4DU55	0	0.039648
Q8TCW7-Q6PDB4	0	0.033238
Q8TCW7-P0CG24	0	0.057952
Q8TCW7-P0CJ79	0	0.050590
Q8TCW7-A8MT65	0	0.032677
Q8TCW7-Q8N0V1	0	0.106875
Q8TCW7-A6NEH8	0	0.104226
Q8TCW7-P21506	0	0.116439
Q8TCW7-P17014	0	0.066069
Q8TCW7-P17017	0	0.016594
Q8TCW7-P17020	0	0.102806
Q8TCW7-P17021	0	0.054840
Q8TCW7-P17022	0	0.174405
Q8TCW7-P17023	0	0.100196
Q8TCW7-P17024	0	0.092714
Q8TCW7-P17026	0	0.121373
Q8TCW7-P17027	0	0.082538
Q8TCW7-P17028	0	0.193537
Q8TCW7-P17030	0	0.078127
Q8TCW7-P17031	0	0.069338
Q8TCW7-P17035	0	0.033575
Q8TCW7-Q9BSG1	0	0.116021
Q8TCW7-P17039	0	0.043692
Q8TCW7-P17041	0	0.138495
Q8TCW7-Q8IZ26	0	0.128416
Q8TCW7-P13682	0	0.155654
Q8TCW7-P17036	0	0.168146
Q8TCW7-P51814	0	0.053150
Q8TCW7-P17038	0	0.107325
Q8TCW7-P15621	0	0.061195
Q8TCW7-Q02386	0	0.034574
Q8TCW7-Q96MX3	0	0.073176
Q8TCW7-Q15929	0	0.098034
Q8TCW7-Q68EA5	0	0.071002
Q8TCW7-Q6ZN08	0	0.063409
Q8TCW7-Q15940	0	0.129959
Q8TCW7-Q9UC07	0	0.043360
Q8TCW7-Q9UC06	0	0.140988
Q8TCW7-Q9NQZ8	0	0.077082
Q8TCW7-Q16587	0	0.077629
Q8TCW7-P36508	0	0.312539
Q8TCW7-Q15935	0	0.080272
Q8TCW7-Q15937	0	0.085130
Q8TCW7-P17097	0	0.124857
Q8TCW7-P51504	0	0.123606
Q8TCW7-P51508	0	0.026596
Q8TCW7-P51522	0	0.067966
Q8TCW7-P51523	0	0.062320
Q8TCW7-Q03923	0	0.058257
Q8TCW7-P17098	0	0.073175
Q8TCW7-Q03938	0	0.055509
Q8TCW7-Q05481	0	0.031704
Q8TCW7-Q03936	0	0.130120
Q8TCW7-P35789	0	0.053155
Q8TCW7-A6NK75	0	0.094923
Q8TCW7-A8MXY4	0	0.066290
Q8TCW7-Q6ZTR6	0	0.142871
Q8TCW7-Q0IIN9	0	0.123145
Q8TCW7-Q9P2E3	0	0.426516
Q8TCW7-O43257	0	0.236737
Q8TCW7-Q9UHR6	0	0.205202
Q8TCW7-Q15649	0	0.173642
Q8TCW7-O60232	0	0.273861
Q8TCW7-Q8ND25	0	0.239557
Q8TCW7-Q8NHG8	0	0.269253
Q8TCW7-Q07157	1	0.798968
Q8TCW7-Q9UDY2	1	0.538344
Q8TCW7-O95049	1	0.517309
Q8TCW7-Q9BS86	0	0.328994
Q8TCW7-Q6X784	0	0.353583
Q8TCW7-Q9UK55	0	0.380916
Q8TCW7-O75312	0	0.401132
Q8TCW7-O95218	0	0.305719
Q8TCW7-Q5FWF4	0	0.242055
Q8TCW7-Q9UGI0	0	0.322362
Q8TCW7-Q9BUG6	0	0.092251
Q8TCW7-A6NJL1	0	0.081442
Q8TCW7-A6NGD5	0	0.092714
Q8TCW7-P0CG00	0	0.121729
Q8TCW7-Q96SZ4	0	0.050860
Q8TCW7-O43309	0	0.165848
Q8TCW7-Q9H4T2	0	0.288043
Q8TCW7-Q8TBC5	0	0.160028
Q8TCW7-P17040	0	0.131175
Q8TCW7-Q9Y5A6	0	0.097633
Q8TCW7-P10073	0	0.138803
Q8TCW7-Q3MJ62	0	0.240906
Q8TCW7-Q6NSZ9	0	0.069278
Q8TCW7-Q16670	0	0.146030
Q8TCW7-Q8IWY8	0	0.152367
Q8TCW7-Q86W11	0	0.217770
Q8TCW7-Q96LW9	0	0.184169
Q8TCW7-Q9NX65	0	0.127910
Q8TCW7-O15535	0	0.201810
Q8TCW7-Q8NBB4	0	0.149353
Q8TCW7-Q7Z7L9	0	0.084065
Q8TCW7-Q8NAM6	0	0.149597
Q8TCW7-Q9BR11	0	0.277077
Q8TCW7-Q8NEG5	0	0.266082
Q8TCW7-Q96MP5	0	0.234113
Q8TCW7-Q9H7M6	0	0.151772
Q8TCW7-Q9P217	0	0.178545
Q8TCW7-Q9HCJ5	0	0.161821
Q8TCW7-Q19AV6	0	0.413381
Q8TCW7-A7E2V4	0	0.286028
Q8TCW7-Q86XI8	0	0.222077
Q8TCW7-Q96AP4	0	0.143131
Q8TCW7-O43264	1	0.703116
Q8TCW7-Q9H900	0	0.351988
Q8TCW7-O95229	0	0.404322
Q8TCW7-P98168	0	0.039948
Q8TCW7-P98169	0	0.054364
Q8TCW7-Q2QGD7	0	0.166000
Q8TCW7-Q6WRX3	0	0.108160
Q8TCW7-Q9C0D3	0	0.173027
Q8TCW7-Q15942	0	0.323597
Q8TCW7-Q8IYH5	0	0.312639
